,buying,maint,doors,persons,lug_boot,safety,class,color
0,vhigh,vhigh,2,2,small,low,unacc,2.78924725286608
1,vhigh,vhigh,2,2,small,med,unacc,0.022714431712306027
2,vhigh,vhigh,2,2,small,high,unacc,0.9490632217206287
3,vhigh,vhigh,2,2,med,low,unacc,1.3606907951677476
4,vhigh,vhigh,2,2,med,med,unacc,1.3430849270516623
5,vhigh,vhigh,2,2,med,high,unacc,3.9297036196351085
6,vhigh,vhigh,2,2,big,low,unacc,0.030834931876571048
7,vhigh,vhigh,2,2,big,med,unacc,3.9777986393020144
8,vhigh,vhigh,2,2,big,high,unacc,1.5507383623645756
9,vhigh,vhigh,2,4,small,low,unacc,2.822539716767048
10,vhigh,vhigh,2,4,small,med,unacc,2.4320912764159672
11,vhigh,vhigh,2,4,small,high,unacc,2.9600855550129883
12,vhigh,vhigh,2,4,med,low,unacc,0.04001769387876131
13,vhigh,vhigh,2,4,med,med,unacc,2.881362197500411
14,vhigh,vhigh,2,4,med,high,unacc,0.6725358419223966
15,vhigh,vhigh,2,4,big,low,unacc,2.888582871839699
16,vhigh,vhigh,2,4,big,med,unacc,3.604664692019416
17,vhigh,vhigh,2,4,big,high,unacc,3.8033559783672413
18,vhigh,vhigh,2,more,small,low,unacc,2.3285749701410525
19,vhigh,vhigh,2,more,small,med,unacc,0.3562097205864241
20,vhigh,vhigh,2,more,small,high,unacc,0.561225351557507
21,vhigh,vhigh,2,more,med,low,unacc,1.7451551382180535
22,vhigh,vhigh,2,more,med,med,unacc,1.386001161005276
23,vhigh,vhigh,2,more,med,high,unacc,0.9231101021120276
24,vhigh,vhigh,2,more,big,low,unacc,0.5990721964515693
25,vhigh,vhigh,2,more,big,med,unacc,2.350255011965001
26,vhigh,vhigh,2,more,big,high,unacc,3.2284112702057453
27,vhigh,vhigh,3,2,small,low,unacc,2.4695985115112076
28,vhigh,vhigh,3,2,small,med,unacc,2.966852125131812
29,vhigh,vhigh,3,2,small,high,unacc,3.94789505611377
30,vhigh,vhigh,3,2,med,low,unacc,0.6527148215801768
31,vhigh,vhigh,3,2,med,med,unacc,2.6698616399144854
32,vhigh,vhigh,3,2,med,high,unacc,1.837827138813085
33,vhigh,vhigh,3,2,big,low,unacc,3.1274988495926794
34,vhigh,vhigh,3,2,big,med,unacc,0.5323675862510941
35,vhigh,vhigh,3,2,big,high,unacc,1.3826340959160728
36,vhigh,vhigh,3,4,small,low,unacc,2.607186810990635
37,vhigh,vhigh,3,4,small,med,unacc,1.240437455751871
38,vhigh,vhigh,3,4,small,high,unacc,0.526401453511621
39,vhigh,vhigh,3,4,med,low,unacc,0.45045363825311435
40,vhigh,vhigh,3,4,med,med,unacc,0.5170979818818005
41,vhigh,vhigh,3,4,med,high,unacc,3.40491333197886
42,vhigh,vhigh,3,4,big,low,unacc,1.5320582202870523
43,vhigh,vhigh,3,4,big,med,unacc,3.935805293612544
44,vhigh,vhigh,3,4,big,high,unacc,3.0091273860674246
45,vhigh,vhigh,3,more,small,low,unacc,0.9427559907566336
46,vhigh,vhigh,3,more,small,med,unacc,0.6420067565919543
47,vhigh,vhigh,3,more,small,high,unacc,0.4968310673510472
48,vhigh,vhigh,3,more,med,low,unacc,3.7493905786989483
49,vhigh,vhigh,3,more,med,med,unacc,0.2941183984918463
50,vhigh,vhigh,3,more,med,high,unacc,1.7905704717456379
51,vhigh,vhigh,3,more,big,low,unacc,3.7151125092882897
52,vhigh,vhigh,3,more,big,med,unacc,2.128934681999033
53,vhigh,vhigh,3,more,big,high,unacc,0.46206959116464397
54,vhigh,vhigh,4,2,small,low,unacc,0.7936645606582506
55,vhigh,vhigh,4,2,small,med,unacc,0.1456554684068636
56,vhigh,vhigh,4,2,small,high,unacc,2.737664035622811
57,vhigh,vhigh,4,2,med,low,unacc,0.4456492225701467
58,vhigh,vhigh,4,2,med,med,unacc,2.9044532309864683
59,vhigh,vhigh,4,2,med,high,unacc,1.567509474454332
60,vhigh,vhigh,4,2,big,low,unacc,2.2495105906618806
61,vhigh,vhigh,4,2,big,med,unacc,0.8755929405226133
62,vhigh,vhigh,4,2,big,high,unacc,0.21360271165434908
63,vhigh,vhigh,4,4,small,low,unacc,3.610789091106442
64,vhigh,vhigh,4,4,small,med,unacc,2.8857592767049702
65,vhigh,vhigh,4,4,small,high,unacc,1.9938159809620872
66,vhigh,vhigh,4,4,med,low,unacc,1.2469463555203788
67,vhigh,vhigh,4,4,med,med,unacc,0.6398982623077454
68,vhigh,vhigh,4,4,med,high,unacc,0.3782027507783807
69,vhigh,vhigh,4,4,big,low,unacc,2.4566103395991914
70,vhigh,vhigh,4,4,big,med,unacc,1.2716122028641625
71,vhigh,vhigh,4,4,big,high,unacc,2.7420092151889377
72,vhigh,vhigh,4,more,small,low,unacc,1.52943055158623
73,vhigh,vhigh,4,more,small,med,unacc,0.8695383691659737
74,vhigh,vhigh,4,more,small,high,unacc,2.953542120680565
75,vhigh,vhigh,4,more,med,low,unacc,2.0151953439188905
76,vhigh,vhigh,4,more,med,med,unacc,0.7620806138451548
77,vhigh,vhigh,4,more,med,high,unacc,1.2679211413002078
78,vhigh,vhigh,4,more,big,low,unacc,0.7316307424944162
79,vhigh,vhigh,4,more,big,med,unacc,1.646722729079377
80,vhigh,vhigh,4,more,big,high,unacc,3.382369567619334
81,vhigh,vhigh,5more,2,small,low,unacc,2.986432452397282
82,vhigh,vhigh,5more,2,small,med,unacc,0.9449959578905047
83,vhigh,vhigh,5more,2,small,high,unacc,3.5068242312543383
84,vhigh,vhigh,5more,2,med,low,unacc,3.8061154542791074
85,vhigh,vhigh,5more,2,med,med,unacc,3.3261586078275855
86,vhigh,vhigh,5more,2,med,high,unacc,2.8203087570829477
87,vhigh,vhigh,5more,2,big,low,unacc,0.2986879388254149
88,vhigh,vhigh,5more,2,big,med,unacc,0.6825722905775375
89,vhigh,vhigh,5more,2,big,high,unacc,2.8074908926089415
90,vhigh,vhigh,5more,4,small,low,unacc,0.9459891577776443
91,vhigh,vhigh,5more,4,small,med,unacc,0.4859867903091648
92,vhigh,vhigh,5more,4,small,high,unacc,3.2547389853672515
93,vhigh,vhigh,5more,4,med,low,unacc,1.1615176108150815
94,vhigh,vhigh,5more,4,med,med,unacc,3.964798050238609
95,vhigh,vhigh,5more,4,med,high,unacc,2.2426761093461716
96,vhigh,vhigh,5more,4,big,low,unacc,1.164699079488975
97,vhigh,vhigh,5more,4,big,med,unacc,0.18923879213222516
98,vhigh,vhigh,5more,4,big,high,unacc,2.358577365195292
99,vhigh,vhigh,5more,more,small,low,unacc,3.731870733576753
100,vhigh,vhigh,5more,more,small,med,unacc,0.99925270716431
101,vhigh,vhigh,5more,more,small,high,unacc,1.205554111836895
102,vhigh,vhigh,5more,more,med,low,unacc,0.07416988158969229
103,vhigh,vhigh,5more,more,med,med,unacc,0.8261917149471563
104,vhigh,vhigh,5more,more,med,high,unacc,0.4880419832364007
105,vhigh,vhigh,5more,more,big,low,unacc,3.7700475583756905
106,vhigh,vhigh,5more,more,big,med,unacc,2.3824987170563445
107,vhigh,vhigh,5more,more,big,high,unacc,0.6863640940833
108,vhigh,high,2,,small,low,unacc,1.3137556791236262
109,vhigh,high,2,2,small,med,unacc,2.386689025580611
110,vhigh,high,2,2,small,high,unacc,1.4027035418737817
111,vhigh,high,2,2,med,low,unacc,2.690777731155281
112,vhigh,high,2,2,med,med,unacc,3.940453536018081
113,vhigh,high,2,2,med,high,unacc,1.5313580449167565
114,vhigh,high,2,2,big,low,unacc,2.0970411180418354
115,vhigh,high,2,2,big,med,unacc,1.0919641120366461
116,vhigh,high,2,2,big,high,unacc,3.619624442859364
117,vhigh,high,2,4,small,low,unacc,3.4155173552751834
118,vhigh,high,2,4,small,med,unacc,2.4132799681584207
119,vhigh,high,2,4,small,high,unacc,2.2914131402403943
120,vhigh,high,2,4,med,low,unacc,2.7618284570334377
121,vhigh,high,2,4,med,med,unacc,2.896326673574253
122,vhigh,high,2,4,med,high,unacc,2.257630563473758
123,vhigh,high,2,4,big,low,unacc,3.835347543407385
124,vhigh,high,2,4,big,med,unacc,0.11207878311860453
125,vhigh,high,2,4,big,high,unacc,0.3127079984175918
126,vhigh,high,2,more,small,low,unacc,0.13173562288004526
127,vhigh,high,2,more,small,med,unacc,2.7273576789114857
128,vhigh,high,2,more,small,high,unacc,0.7838384153275553
129,vhigh,high,2,more,med,low,unacc,2.9670474295386913
130,vhigh,high,2,more,med,med,unacc,0.8253682641852711
131,vhigh,high,2,more,med,high,unacc,2.0480578589142535
132,vhigh,high,2,more,big,low,unacc,3.006660698484743
133,vhigh,high,2,more,big,med,unacc,0.20801504012512195
134,vhigh,high,2,more,big,high,unacc,3.8146171259801425
135,vhigh,high,3,2,small,low,unacc,1.1231851990345492
136,vhigh,high,3,2,small,med,unacc,2.0160265620363713
137,vhigh,high,3,2,small,high,unacc,2.9526597615212755
138,vhigh,high,3,2,med,low,unacc,2.0646071368669583
139,vhigh,high,3,2,med,med,unacc,0.6500426672140032
140,vhigh,high,3,2,med,high,unacc,1.925507465409153
141,vhigh,high,3,2,big,low,unacc,2.350424694212313
142,vhigh,high,3,2,big,med,unacc,2.4489358796635274
143,vhigh,high,3,2,big,high,unacc,1.3803362406990463
144,vhigh,high,3,4,small,low,unacc,1.395412095395018
145,vhigh,high,3,4,small,med,unacc,2.3200136037705477
146,vhigh,high,3,4,small,high,unacc,3.0099132351074505
147,vhigh,high,3,4,med,low,unacc,1.0420005800636387
148,vhigh,high,3,4,med,med,unacc,1.2798944678056001
149,vhigh,high,3,4,med,high,unacc,1.7567084861897024
150,vhigh,high,3,4,big,low,unacc,1.496639517829967
151,vhigh,high,3,4,big,med,unacc,2.9616204493597134
152,vhigh,high,3,4,big,high,unacc,2.5285898310305943
153,vhigh,high,3,more,small,low,unacc,3.0740340849920655
154,vhigh,high,3,more,small,med,unacc,3.3012363215889624
155,vhigh,high,3,more,small,high,unacc,1.8688568752520198
156,vhigh,high,3,more,med,low,unacc,1.225494591629305
157,vhigh,high,3,more,med,med,unacc,3.0146921090601193
158,vhigh,high,3,more,med,high,unacc,0.5036655201787923
159,vhigh,high,3,more,big,low,unacc,0.20533034394997163
160,vhigh,high,3,more,big,med,unacc,2.7952567890739544
161,vhigh,high,3,more,big,high,unacc,0.40053449258778695
162,vhigh,high,4,2,small,low,unacc,2.001434050008678
163,vhigh,high,4,2,small,med,,1.8107674020200029
164,vhigh,high,4,2,small,high,unacc,0.34759166090985216
165,vhigh,high,4,2,med,low,unacc,3.0281720782133594
166,vhigh,high,4,2,med,med,unacc,2.4176788613139624
167,vhigh,high,4,2,med,high,unacc,2.6993076832109266
168,,high,4,,big,low,unacc,0.603322074184161
169,vhigh,high,4,2,big,med,unacc,1.9290341914692024
170,vhigh,high,4,2,big,high,unacc,0.74615900920656
171,vhigh,high,4,4,small,low,unacc,2.5257341876809933
172,vhigh,high,4,4,small,med,unacc,2.7606241642062628
173,vhigh,high,4,4,small,high,unacc,0.7900778623073244
174,vhigh,high,4,4,med,low,unacc,3.4684978537367637
175,vhigh,high,4,4,med,med,unacc,1.6487572689029757
176,vhigh,high,4,4,med,high,unacc,2.9342425130955365
177,vhigh,high,4,4,big,low,unacc,3.8339216823153794
178,vhigh,high,4,4,big,med,unacc,2.9364135700361276
179,vhigh,high,4,4,big,high,unacc,2.205767919548512
180,vhigh,high,4,more,small,low,unacc,3.277341113569535
181,vhigh,high,4,more,small,med,unacc,1.8149323321589628
182,vhigh,high,4,more,small,high,unacc,3.67188844990808
183,vhigh,high,4,more,med,low,unacc,3.0232654833469534
184,vhigh,high,4,more,med,med,unacc,0.8836625071959512
185,vhigh,high,4,more,med,high,unacc,2.705984642785326
186,vhigh,high,4,more,big,low,unacc,2.1250337792845184
187,vhigh,high,4,more,big,med,unacc,1.9491719054992651
188,vhigh,high,4,more,big,high,unacc,0.7671104107135682
189,vhigh,high,5more,2,small,low,unacc,0.9158893246893172
190,vhigh,high,5more,2,small,med,unacc,3.8010249680115367
191,vhigh,high,5more,2,small,high,unacc,1.4742337818771953
192,vhigh,high,5more,2,med,low,unacc,3.1205540980364335
193,vhigh,high,5more,2,med,med,unacc,1.396605754237639
194,vhigh,high,5more,2,med,high,unacc,2.704677739184578
195,vhigh,high,5more,2,big,low,unacc,0.11796226414396171
196,vhigh,high,5more,2,big,med,unacc,2.421786518196301
197,vhigh,high,5more,2,big,high,unacc,1.5177063233920074
198,vhigh,high,5more,4,small,low,unacc,0.32879909654647754
199,vhigh,high,5more,4,small,med,unacc,2.593015264859499
200,vhigh,high,5more,4,small,high,unacc,3.047895663097377
201,vhigh,high,5more,4,med,low,unacc,0.8069641408458597
202,vhigh,high,5more,4,med,med,unacc,2.2277699210967783
203,vhigh,high,5more,4,med,high,unacc,0.4092521849306303
204,vhigh,high,5more,4,big,low,unacc,3.980592468362908
205,vhigh,high,5more,4,big,med,unacc,3.2840488724651045
206,vhigh,high,5more,4,big,high,unacc,3.8891919070728136
207,vhigh,high,5more,more,small,low,unacc,3.094894528287864
208,vhigh,high,5more,more,small,med,unacc,1.1619453158735498
209,vhigh,high,5more,more,small,high,unacc,0.7147592298725254
210,vhigh,high,5more,more,med,low,unacc,2.773847007368441
211,vhigh,high,5more,more,med,med,unacc,3.532449561003228
212,vhigh,high,5more,more,med,high,unacc,2.1276530714145303
213,vhigh,high,5more,more,big,low,unacc,0.0416059465731049
214,vhigh,high,5more,more,big,med,unacc,3.7261964430526553
215,vhigh,high,5more,more,big,high,unacc,1.0111824062125123
216,vhigh,med,2,2,small,low,unacc,1.1146039563764174
217,vhigh,med,2,2,small,med,unacc,2.5681666442833575
218,vhigh,med,2,2,small,high,unacc,3.2395556872285067
219,vhigh,med,2,2,med,low,unacc,3.0033698386586742
220,vhigh,med,2,2,med,med,unacc,3.6725758981285397
221,vhigh,med,2,2,med,high,unacc,2.8033693083819426
222,vhigh,med,2,2,big,low,unacc,3.219633558453148
223,vhigh,med,2,2,big,med,unacc,1.4171241672536081
224,vhigh,med,2,2,big,high,unacc,1.6003262802791798
225,vhigh,med,2,4,small,low,unacc,2.2526872452690867
226,vhigh,med,2,4,small,med,unacc,0.5714219019548619
227,vhigh,med,2,4,small,high,acc,1.4161784854100383
228,vhigh,med,2,4,med,low,unacc,1.058376812562162
229,vhigh,med,2,4,med,med,unacc,1.4324446525779373
230,vhigh,med,2,4,med,high,acc,2.338620507495727
231,vhigh,med,2,4,big,low,unacc,2.2293246381661938
232,vhigh,med,2,4,big,med,acc,2.137122443098959
233,vhigh,med,2,4,big,high,acc,2.9261376754705735
234,vhigh,med,2,more,small,low,unacc,3.018037504351065
235,vhigh,med,2,more,small,med,unacc,3.6609386961776154
236,vhigh,med,2,more,small,high,unacc,3.4798115352720145
237,vhigh,med,2,more,med,low,unacc,3.1603096673451376
238,vhigh,med,2,more,med,med,unacc,1.1841066657183972
239,vhigh,med,2,more,med,high,acc,0.05945833318265992
240,vhigh,med,2,more,big,low,unacc,3.33986531261564
241,vhigh,med,2,more,big,med,acc,1.167228718426128
242,vhigh,,2,more,big,high,acc,2.9477063732431876
243,vhigh,med,3,2,small,low,unacc,3.9131249717098218
244,vhigh,med,3,2,small,med,unacc,0.2516270008732908
245,vhigh,med,3,2,small,high,unacc,0.560040908457319
246,vhigh,med,3,2,med,low,unacc,2.6703398324987324
247,vhigh,med,3,2,med,med,unacc,0.6815045155589932
248,vhigh,med,3,2,med,high,unacc,0.14292937483669643
249,vhigh,med,3,2,big,low,unacc,2.679435219096614
250,vhigh,med,3,2,big,med,unacc,3.6378767246527266
251,vhigh,med,3,2,big,high,unacc,3.929881002809778
252,vhigh,med,3,4,small,low,unacc,1.1052841176201968
253,vhigh,med,3,4,small,med,unacc,0.5733085203377621
254,vhigh,med,3,4,small,high,acc,2.690345565614505
255,vhigh,med,3,4,med,low,unacc,1.7814330014078341
256,vhigh,med,3,4,med,med,unacc,3.775293756673664
257,vhigh,med,3,4,med,high,acc,1.6695519034101935
258,vhigh,med,3,4,big,low,unacc,1.3493150643065719
259,vhigh,med,3,4,big,med,acc,1.8456195291891135
260,vhigh,med,3,4,big,high,acc,2.8314790959325036
261,vhigh,med,3,more,small,low,unacc,1.2425861143149812
262,vhigh,med,3,more,small,med,unacc,2.4101998578602974
263,vhigh,med,3,more,small,high,acc,0.7791793514484215
264,vhigh,med,3,more,med,low,unacc,2.456604016884966
265,vhigh,med,3,more,med,med,acc,1.4577837320891747
266,vhigh,med,3,more,med,high,acc,0.6876498471774783
267,vhigh,med,3,more,big,low,unacc,1.32362942836086
268,vhigh,med,3,more,big,med,acc,0.4628957474731026
269,vhigh,med,3,more,big,high,acc,1.178910395692482
270,vhigh,med,4,2,small,low,unacc,0.049621400906466384
271,vhigh,med,4,2,small,med,unacc,0.9890127392756378
272,vhigh,med,4,2,small,high,unacc,0.14089428057256503
273,vhigh,med,4,2,med,low,unacc,3.442776917796414
274,vhigh,med,4,2,med,med,unacc,1.6691581354114127
275,vhigh,med,4,2,med,high,unacc,0.06186433098833399
276,vhigh,med,4,2,big,low,unacc,1.1419899995321527
277,vhigh,med,4,2,big,med,unacc,3.9458677143412286
278,vhigh,med,4,2,big,high,unacc,2.262628172972118
279,vhigh,med,4,4,small,low,unacc,3.5642535966608277
280,vhigh,med,4,4,small,med,unacc,2.20380560670504
281,vhigh,med,4,4,small,high,acc,0.3029248363631889
282,vhigh,med,4,4,med,low,unacc,3.7904939735826964
283,vhigh,med,4,4,med,med,acc,2.93306200410605
284,vhigh,med,4,4,med,high,acc,0.17307612825706897
285,vhigh,med,4,4,big,low,unacc,2.9548899897468917
286,vhigh,med,4,4,big,med,acc,3.4087817920038748
287,vhigh,med,4,4,big,high,acc,0.7605200182293337
288,vhigh,med,4,more,small,low,unacc,2.9181084062967826
289,vhigh,med,4,more,small,med,unacc,0.853787970704504
290,vhigh,med,4,more,small,high,acc,0.4967994598159269
291,vhigh,med,4,more,med,low,unacc,1.813705193597671
292,vhigh,med,4,more,med,med,acc,0.5923698116728082
293,vhigh,med,4,more,med,high,acc,3.060896536796446
294,vhigh,med,4,more,big,low,unacc,1.1792284560074426
295,vhigh,med,4,more,big,med,acc,3.310138517244837
296,vhigh,med,4,more,big,high,acc,1.4368903306706127
297,vhigh,med,5more,2,small,low,unacc,2.4093512563830157
298,vhigh,med,5more,2,small,med,unacc,2.8713630921864395
299,vhigh,med,5more,2,small,high,unacc,3.762953910463497
300,vhigh,med,5more,2,med,low,unacc,2.8991589885490407
301,vhigh,med,5more,2,med,med,unacc,1.2493090536367268
302,vhigh,med,5more,2,med,high,unacc,3.9562956368287066
303,vhigh,med,5more,,big,low,unacc,3.299666947253222
304,vhigh,med,5more,2,big,med,unacc,1.1139539737309088
305,vhigh,med,5more,2,big,high,unacc,3.3404988815683208
306,vhigh,med,5more,4,small,low,unacc,2.4624784121316265
307,vhigh,med,5more,4,small,med,unacc,2.8685494701532823
308,vhigh,med,5more,4,small,high,acc,1.056153704399161
309,vhigh,med,5more,4,med,low,unacc,0.021111733489337592
310,vhigh,med,5more,4,med,med,acc,2.9561247859581155
311,vhigh,med,5more,4,med,high,acc,0.8292857100456734
312,vhigh,med,5more,4,big,low,unacc,1.004761474802116
313,vhigh,med,5more,4,big,med,acc,2.453636767391832
314,vhigh,med,5more,4,big,high,acc,0.3490647828271993
315,vhigh,med,5more,more,small,low,unacc,1.3769233652427735
316,vhigh,med,5more,more,small,med,unacc,0.49564311434985964
317,vhigh,med,5more,more,small,high,acc,1.4603100808361917
318,vhigh,med,5more,more,med,low,unacc,3.5014725828838973
319,vhigh,med,5more,more,med,med,acc,1.1358210886855575
320,vhigh,med,5more,more,med,high,acc,1.2061068820138452
321,vhigh,med,5more,more,big,low,unacc,1.3589949143029227
322,vhigh,med,5more,more,big,med,acc,0.09000183921073646
323,vhigh,med,5more,more,big,high,acc,0.47824733369838945
324,vhigh,low,2,2,small,low,unacc,2.187867468493393
325,vhigh,low,2,2,small,med,unacc,1.1037426720182704
326,vhigh,low,2,2,small,high,unacc,1.6740474829640384
327,vhigh,low,2,2,med,low,unacc,3.7707694478451237
328,vhigh,low,2,2,med,med,unacc,2.751576502948198
329,vhigh,low,2,2,med,high,unacc,0.9851410560168059
330,vhigh,low,2,2,big,low,unacc,1.6416801068298903
331,vhigh,low,2,2,big,med,unacc,2.0296853301648343
332,vhigh,,2,2,big,high,unacc,3.3402876355015425
333,vhigh,low,2,4,small,low,unacc,2.7542198956691815
334,vhigh,low,2,4,small,med,unacc,3.789037728600121
335,vhigh,low,2,4,small,high,acc,1.441995235674986
336,vhigh,low,2,4,med,low,unacc,2.8889927866650242
337,vhigh,low,2,4,med,med,unacc,0.5608621868305201
338,vhigh,low,2,4,med,high,acc,3.147246819119814
339,vhigh,low,2,4,big,low,unacc,1.414569008482216
340,vhigh,low,2,4,big,med,acc,2.163995433912645
341,vhigh,low,2,4,big,high,acc,2.808893083637775
342,vhigh,low,2,more,small,low,unacc,1.9959665635461041
343,vhigh,low,2,more,small,med,unacc,1.187525453095248
344,vhigh,low,2,more,small,high,unacc,1.706301126963841
345,vhigh,low,2,more,med,low,unacc,0.8079119634317968
346,vhigh,low,2,more,med,med,unacc,3.5516859156199447
347,vhigh,low,2,more,med,high,acc,2.3125864729396106
348,vhigh,low,2,more,big,low,unacc,2.165620112584911
349,vhigh,low,2,more,big,med,acc,0.12164946807154031
350,vhigh,low,2,more,big,high,acc,2.48688567667281
351,vhigh,low,3,2,small,low,unacc,0.6435087437097105
352,vhigh,low,3,2,small,med,unacc,1.8882250282738196
353,vhigh,low,3,2,small,high,unacc,2.5697870847418094
354,vhigh,low,3,2,med,low,unacc,3.5906292641100186
355,vhigh,low,3,2,med,med,unacc,0.6741796599314775
356,vhigh,low,3,2,med,high,unacc,3.5752772555026384
357,vhigh,low,3,2,big,low,unacc,3.2531764372021685
358,vhigh,low,3,2,big,med,unacc,3.4288970184470475
359,vhigh,low,3,2,big,high,unacc,3.6870614281293204
360,vhigh,low,3,4,small,low,unacc,0.8239783405852839
361,vhigh,low,3,4,small,med,unacc,1.7118920446804093
362,vhigh,low,3,4,small,high,acc,2.587731976207594
363,vhigh,low,3,4,med,low,unacc,2.3830058210240432
364,vhigh,low,3,4,med,med,unacc,3.652778576120989
365,vhigh,low,3,4,med,high,acc,1.3742952778291713
366,vhigh,low,3,4,big,low,unacc,1.443316503343119
367,vhigh,low,3,4,big,med,acc,1.1267555221264627
368,vhigh,low,3,4,big,high,acc,1.557854610397667
369,vhigh,low,3,more,small,low,unacc,3.0566786668757824
370,vhigh,low,3,more,small,med,unacc,3.948503211984123
371,vhigh,low,3,more,small,high,acc,3.0728228917814353
372,vhigh,low,3,more,med,low,unacc,2.469305560169022
373,vhigh,low,3,more,med,med,acc,0.04277903661814264
374,vhigh,low,3,more,med,high,acc,1.3533368675144812
375,vhigh,low,3,more,big,low,unacc,3.308406417749116
376,vhigh,low,3,more,big,med,acc,1.480854040227774
377,vhigh,low,3,more,big,high,acc,3.3443366448085166
378,vhigh,low,4,2,small,low,unacc,0.8983051747855626
379,vhigh,low,4,2,small,med,unacc,1.1967748277957377
380,vhigh,low,4,2,small,high,unacc,1.9043675986555808
381,vhigh,low,4,2,med,low,unacc,1.3601563847124534
382,vhigh,low,4,2,med,med,unacc,3.4142195805828788
383,vhigh,low,4,2,med,high,unacc,0.522157071885784
384,vhigh,low,4,2,big,low,unacc,0.8392222203024478
385,vhigh,low,4,2,big,med,unacc,0.35750781474779947
386,vhigh,low,4,2,big,high,unacc,2.822325979029444
387,vhigh,low,4,4,small,low,unacc,1.805610933076422
388,vhigh,low,4,4,small,med,unacc,1.8782900480420128
389,vhigh,low,4,4,small,high,acc,1.9042120588601046
390,vhigh,low,4,4,med,low,unacc,1.6251118624275485
391,vhigh,low,4,4,med,med,acc,0.43669805863256483
392,vhigh,low,4,4,med,high,acc,3.5121982904053426
393,vhigh,low,4,4,big,low,unacc,2.079961291836334
394,vhigh,low,4,4,big,med,acc,3.1033403662851224
395,vhigh,low,4,4,big,high,acc,1.6531537006083394
396,vhigh,low,4,more,small,low,unacc,2.3892477838822446
397,vhigh,low,4,more,small,med,unacc,3.911078668531494
398,vhigh,low,4,more,small,high,acc,1.8728220499274335
399,vhigh,low,4,more,med,low,unacc,1.8310155805658521
400,vhigh,low,4,more,med,med,acc,2.5967053073848443
401,vhigh,low,4,more,med,high,acc,1.7768474668631136
402,vhigh,low,4,more,big,low,unacc,3.3842897219338828
403,vhigh,low,4,more,big,med,acc,1.9416217074316267
404,vhigh,low,4,more,big,high,acc,3.406821757924777
405,vhigh,low,5more,2,small,low,unacc,2.283137660932258
406,vhigh,low,5more,2,small,med,unacc,2.650938379956976
407,vhigh,low,5more,2,small,high,unacc,3.516807918419748
408,vhigh,low,5more,2,med,low,unacc,0.535303002614278
409,vhigh,low,5more,2,med,med,unacc,3.8560634603896626
410,vhigh,low,5more,2,med,high,unacc,0.6035302035006942
411,vhigh,low,5more,2,big,low,unacc,1.1711549352087878
412,vhigh,low,5more,2,big,med,unacc,0.48365803405037155
413,vhigh,low,5more,2,big,high,unacc,3.272255993342874
414,vhigh,low,5more,4,small,low,unacc,0.5307857445847892
415,vhigh,low,5more,4,small,med,unacc,0.7047298026752595
416,vhigh,low,5more,4,small,high,acc,1.3868238804533912
417,vhigh,low,5more,4,med,low,unacc,2.128356978666445
418,vhigh,low,5more,4,med,med,acc,0.42645934580860523
419,vhigh,low,5more,4,med,high,acc,1.4364301045238923
420,vhigh,low,5more,4,big,low,unacc,0.1136740925893851
421,vhigh,low,5more,4,big,med,acc,0.0010872127148333632
422,vhigh,low,5more,4,big,high,acc,0.5373151291418328
423,vhigh,low,5more,more,small,low,unacc,3.83432562502929
424,vhigh,low,5more,more,small,med,unacc,2.0100310637320273
425,vhigh,low,5more,more,small,high,acc,0.23173042726874638
426,vhigh,low,5more,more,med,low,unacc,3.729716490119672
427,vhigh,low,5more,more,med,med,acc,2.420122090766195
428,vhigh,low,5more,more,med,high,acc,3.8649586511912197
429,vhigh,low,5more,more,big,low,unacc,3.4955576779354116
430,vhigh,low,5more,more,big,med,acc,2.431326973765165
431,vhigh,low,5more,more,big,high,acc,0.7948848216714746
432,high,vhigh,2,2,small,low,unacc,1.2811769405616014
433,high,vhigh,2,2,small,med,unacc,2.3000337922387843
434,high,vhigh,2,2,small,high,unacc,1.2091116530322576
435,high,vhigh,2,2,med,low,unacc,3.7399148390681236
436,high,vhigh,2,2,med,med,unacc,2.0957867016362286
437,high,vhigh,2,2,med,high,unacc,2.1630810626845074
438,high,vhigh,2,2,big,low,unacc,0.48305593577343764
439,high,vhigh,2,2,big,med,unacc,2.9922172968674454
440,high,vhigh,2,2,big,high,unacc,1.950652071228479
441,high,vhigh,2,4,small,low,unacc,0.7907235280205342
442,high,vhigh,2,4,small,med,unacc,1.0156740057798035
443,high,vhigh,2,4,small,high,unacc,0.9901947002618834
444,high,vhigh,2,4,med,low,unacc,2.913890020403366
445,high,vhigh,2,4,med,med,unacc,1.6538036034753456
446,high,vhigh,2,4,med,high,unacc,3.323442931006669
447,high,vhigh,2,4,big,low,unacc,2.0751808727008654
448,high,vhigh,2,4,big,med,unacc,1.0122556824984734
449,high,vhigh,2,4,big,high,unacc,3.0798432480891744
450,high,vhigh,2,more,small,low,unacc,0.28916779155458894
451,high,vhigh,2,more,small,med,unacc,3.4607907354952947
452,high,vhigh,2,more,small,high,unacc,1.0553500014274748
453,high,vhigh,2,more,med,low,unacc,0.6506800190908151
454,high,vhigh,2,more,med,med,unacc,3.530646642011578
455,high,vhigh,2,more,med,high,unacc,2.018937103641713
456,high,vhigh,2,more,big,low,unacc,3.327476216594588
457,high,vhigh,2,more,big,med,unacc,1.2625693009966157
458,high,vhigh,2,more,big,high,unacc,2.474004549620808
459,high,vhigh,3,2,small,low,unacc,0.524054797077047
460,high,vhigh,3,2,small,med,unacc,1.1594139028875383
461,high,vhigh,3,2,small,high,unacc,1.6130661131159632
462,high,vhigh,3,2,med,low,unacc,2.394478931857036
463,high,vhigh,3,2,med,med,unacc,3.7192012127511545
464,high,vhigh,3,2,med,high,unacc,0.03326247843062946
465,high,vhigh,3,2,big,low,unacc,2.9854875326208266
466,high,vhigh,3,2,big,med,unacc,3.853371715833472
467,high,vhigh,3,2,big,high,unacc,1.0553754347785107
468,high,vhigh,3,4,small,low,unacc,3.925239660739882
469,high,vhigh,3,4,small,med,unacc,2.899308458816757
470,high,vhigh,3,4,small,high,unacc,3.7514106022776623
471,high,vhigh,3,4,med,low,unacc,2.5166364988879817
472,high,vhigh,3,4,med,med,unacc,2.932701995262276
473,high,vhigh,3,4,med,high,unacc,2.9790850729415452
474,high,vhigh,3,4,big,low,unacc,0.12104685523659642
475,high,vhigh,3,4,big,med,unacc,1.736763652771991
476,high,vhigh,3,4,big,high,unacc,0.649560909668295
477,high,vhigh,3,more,small,low,unacc,1.8615643109516982
478,high,vhigh,3,more,small,med,unacc,0.5086829075315835
479,high,vhigh,3,more,small,high,unacc,2.5319322321294813
480,high,vhigh,3,more,med,low,unacc,3.3422957408915384
481,high,vhigh,3,more,med,med,unacc,1.0801324227729152
482,high,vhigh,3,more,med,high,unacc,1.2253523764976109
483,high,vhigh,3,more,big,low,unacc,3.330654820815424
484,high,vhigh,3,more,big,med,unacc,3.2551896595206933
485,high,vhigh,3,more,big,high,unacc,0.7113049066713564
486,high,vhigh,4,2,small,low,unacc,1.4442989429176083
487,high,vhigh,4,2,small,med,unacc,0.04675110079833944
488,high,vhigh,4,2,small,high,unacc,2.025246237171139
489,high,vhigh,4,2,med,low,unacc,2.5298424682227614
490,high,vhigh,4,2,med,med,unacc,3.2554562977552037
491,high,vhigh,4,2,med,high,unacc,2.344595769914652
492,high,vhigh,4,2,big,low,unacc,3.237973071852587
493,high,vhigh,4,2,big,med,unacc,0.6567705911342152
494,high,vhigh,4,2,big,high,unacc,0.30510373417499714
495,high,vhigh,4,4,small,low,unacc,2.0558554461708027
496,high,vhigh,4,4,small,med,unacc,3.495469063116108
497,high,vhigh,4,4,small,high,unacc,3.360042734118924
498,high,vhigh,4,4,med,low,unacc,0.822802482418322
499,high,vhigh,4,4,med,med,unacc,2.385022640914566
500,high,vhigh,4,4,med,high,unacc,0.7524672056979371
501,high,vhigh,4,4,big,low,unacc,0.9976069972466792
502,high,vhigh,4,4,big,med,unacc,0.6986094400640765
503,high,vhigh,4,4,big,high,unacc,3.1594154804811354
504,high,vhigh,4,more,small,low,unacc,0.3340270986615761
505,high,vhigh,4,more,small,med,unacc,1.9872731687132066
506,high,vhigh,4,more,small,high,unacc,1.4875843757751004
507,high,vhigh,4,more,med,low,unacc,0.4509956202256955
508,high,vhigh,4,more,med,med,unacc,0.25935844674854547
509,high,vhigh,4,more,med,high,unacc,1.0418603101534845
510,high,vhigh,4,more,big,low,unacc,0.858217513481343
511,high,vhigh,4,more,big,med,unacc,1.6614534236309364
512,high,vhigh,4,more,big,high,unacc,1.0118146308963913
513,high,vhigh,5more,2,small,low,unacc,1.806978717650018
514,high,vhigh,5more,2,small,med,unacc,1.2445733663113319
515,high,vhigh,5more,2,small,high,unacc,0.27026264168519143
516,high,vhigh,5more,2,med,low,unacc,0.24876788108219117
517,high,vhigh,5more,2,med,med,unacc,2.4660354812309717
518,high,vhigh,5more,2,med,high,unacc,0.11615757176103791
519,high,vhigh,5more,2,big,low,unacc,0.14977696975673238
520,high,vhigh,5more,2,big,med,unacc,1.704482184133099
521,high,vhigh,5more,2,big,high,unacc,1.1140650136919787
522,high,vhigh,5more,4,small,low,unacc,1.4624319676753577
523,high,vhigh,5more,4,small,med,unacc,1.8051952356768082
524,high,vhigh,5more,4,small,high,unacc,3.2687685290990776
525,high,vhigh,5more,4,med,low,unacc,1.0395684661952989
526,high,vhigh,5more,4,med,med,unacc,1.2486978257315684
527,high,vhigh,5more,4,med,high,unacc,2.5154726167022665
528,high,vhigh,5more,4,big,low,unacc,3.581437411938965
529,high,vhigh,5more,4,big,med,unacc,3.0319646102907636
530,high,vhigh,5more,4,big,high,unacc,0.5826564631299846
531,high,vhigh,5more,more,small,low,unacc,1.7894582559942642
532,high,vhigh,5more,more,small,med,unacc,1.4033241868473492
533,high,vhigh,5more,more,small,high,unacc,2.2453682417755245
534,high,vhigh,5more,more,med,low,unacc,2.459142468440619
535,high,vhigh,5more,more,med,med,unacc,3.1315421795157183
536,high,vhigh,5more,more,med,high,unacc,3.388869489483025
537,high,vhigh,5more,more,big,low,unacc,2.3189009994565066
538,high,vhigh,5more,more,big,med,unacc,3.4715036189148103
539,high,vhigh,5more,more,big,high,unacc,1.2281448754449231
540,high,high,2,2,small,low,unacc,3.8710879658223885
541,high,high,2,2,small,med,unacc,3.2518512477333696
542,high,high,2,2,small,high,unacc,1.4187383745582482
543,high,high,2,2,med,low,unacc,2.2462231174363922
544,high,high,2,2,med,med,unacc,1.3638709739067818
545,high,high,2,2,med,high,unacc,0.9585404451559212
546,high,high,2,2,big,low,unacc,1.9876435405384432
547,high,high,2,2,big,med,unacc,1.304488443397283
548,high,high,2,2,big,high,unacc,2.267801040916808
549,high,high,2,4,small,low,unacc,3.853934866188299
550,high,high,2,4,small,med,unacc,1.7719770140125481
551,high,high,2,4,small,high,acc,0.7384867411855929
552,high,high,2,4,med,low,unacc,3.1233563071917105
553,high,high,2,4,med,med,unacc,1.4729568261752561
554,high,high,2,4,med,high,acc,1.2938528215776879
555,high,high,2,4,big,low,unacc,2.432082690385733
556,high,high,2,4,big,med,acc,3.2644616568996336
557,high,high,2,4,big,high,acc,0.7410280881223175
558,high,high,2,more,small,low,unacc,0.24587981628351896
559,high,high,2,more,small,med,unacc,2.0322728928418043
560,high,high,2,more,small,high,unacc,0.6248925775100287
561,high,high,2,more,med,low,unacc,3.0773407687244565
562,high,high,2,more,med,med,unacc,0.31924293389139136
563,high,high,2,more,med,high,acc,0.9144369936229264
564,high,high,2,more,big,low,unacc,3.3982653267378313
565,high,high,2,more,big,med,acc,2.55392486249702
566,high,high,2,more,big,high,acc,3.9808538383902548
567,high,high,3,2,small,low,unacc,3.270246645849268
568,high,high,3,2,small,med,unacc,2.4642117150672393
569,high,high,3,2,small,high,unacc,3.1582363055281646
570,high,high,3,2,med,low,unacc,3.165691011098868
571,high,high,3,2,med,med,unacc,1.1716067273727262
572,high,high,3,2,med,high,unacc,2.30220785037337
573,high,high,3,2,big,low,unacc,0.9345357911522245
574,high,high,3,2,big,med,unacc,1.8820966400503076
575,high,high,3,2,big,high,unacc,2.048353971843067
576,high,high,3,4,small,low,unacc,3.8380877871428183
577,high,high,3,4,small,med,unacc,1.0085496225522235
578,high,high,3,4,small,high,acc,3.778264660303422
579,high,high,3,4,med,low,unacc,3.2815512937094047
580,high,high,3,4,med,med,unacc,0.8249738540313243
581,high,high,3,4,med,high,acc,1.5400494827343891
582,high,high,3,4,big,low,unacc,0.8299605674310664
583,high,high,3,4,big,med,acc,0.9833245043830661
584,high,high,3,4,big,high,acc,2.020758876239143
585,high,high,3,more,small,low,unacc,0.3565160409038022
586,high,high,3,more,small,med,unacc,2.104667871099572
587,high,high,3,more,small,high,acc,0.4697746743870299
588,high,high,3,more,med,low,unacc,0.39816327160540554
589,high,high,3,more,med,med,acc,1.0811782871145916
590,high,high,3,more,med,high,acc,0.28719844620280277
591,high,high,3,more,big,low,unacc,0.8806337976295087
592,high,high,3,more,big,med,acc,2.2518068406163185
593,high,high,3,more,big,high,acc,3.017672011953636
594,high,high,4,2,small,low,unacc,3.0734124089864254
595,high,high,4,2,small,med,unacc,0.16303880947801241
596,high,high,4,2,small,high,unacc,0.7933053621639727
597,high,high,4,2,med,low,unacc,0.5189372711629834
598,high,high,4,2,med,med,unacc,0.9213257461391606
599,high,high,4,2,med,high,unacc,1.4893589655162986
600,high,high,4,2,big,low,unacc,1.9738377250676309
601,high,high,4,2,big,med,unacc,3.872017006926087
602,high,high,4,2,big,high,unacc,3.997031060531489
603,high,high,4,4,small,low,unacc,3.046082474376322
604,high,high,4,4,small,med,unacc,1.0143774648713806
605,high,high,4,4,small,high,acc,1.0890403741036105
606,high,high,4,4,med,low,unacc,2.442802222107997
607,high,high,4,4,med,med,acc,2.3015444930520017
608,high,high,4,4,med,high,acc,2.1483405070780726
609,high,high,4,4,big,low,unacc,2.9485830154003256
610,high,high,4,4,big,med,acc,0.8639358009236662
611,high,high,4,4,big,high,acc,2.6993022335859744
612,high,high,4,more,small,low,unacc,3.3762118698444343
613,high,high,4,more,small,med,unacc,1.9672869781770683
614,high,high,4,more,small,high,acc,0.6263803251027387
615,high,high,4,more,med,low,unacc,3.221652807849161
616,high,high,4,more,med,med,acc,3.5100739628357296
617,high,high,4,more,med,high,acc,3.299521001753433
618,high,high,4,more,big,low,unacc,2.1059399940328145
619,high,high,4,more,big,med,acc,2.757652642786001
620,high,high,4,more,big,high,acc,0.8952658987935598
621,high,high,5more,2,small,low,unacc,0.4225409582524673
622,high,high,5more,2,small,med,unacc,1.4378794126633285
623,high,high,5more,2,small,high,unacc,0.5280346171176769
624,high,high,5more,2,med,low,unacc,2.490744142110949
625,high,high,5more,2,med,med,unacc,3.097725709313138
626,high,high,5more,2,med,high,unacc,1.0514016976275475
627,high,high,5more,2,big,low,unacc,3.958993852116525
628,high,high,5more,2,big,med,unacc,1.6614141910524909
629,high,high,5more,2,big,high,unacc,3.643990555483023
630,high,high,5more,4,small,low,unacc,1.4918432472204577
631,high,high,5more,4,small,med,unacc,1.851695426734858
632,high,high,5more,4,small,high,acc,0.39006343009890854
633,high,high,5more,4,med,low,unacc,3.2945967856233374
634,high,high,5more,4,med,med,acc,1.560600047784829
635,high,high,5more,4,med,high,acc,2.747386808662831
636,high,high,5more,4,big,low,unacc,2.548521253688292
637,high,high,5more,4,big,med,acc,3.6529835685388696
638,high,high,5more,4,big,high,acc,3.4554561401523793
639,high,high,5more,more,small,low,unacc,1.583459034126745
640,high,high,5more,more,small,med,unacc,2.8775558661686
641,high,high,5more,more,small,high,acc,2.5753696294457
642,high,high,5more,more,med,low,unacc,1.6656262325341173
643,high,high,5more,more,med,med,acc,1.4601742944508413
644,high,high,5more,more,med,high,acc,3.8932279736671775
645,high,high,5more,more,big,low,unacc,1.4298474763308175
646,high,high,5more,more,big,med,acc,2.01985530062555
647,high,high,5more,more,big,high,acc,2.16293683741516
648,high,med,2,2,small,low,unacc,3.953537934552747
649,high,med,2,2,small,med,unacc,0.5002628771966187
650,high,med,2,2,small,high,unacc,0.36595833921770193
651,high,med,2,2,med,low,unacc,3.3314329868532133
652,high,med,2,2,med,med,unacc,0.22486842748650737
653,high,med,2,2,med,high,unacc,1.101443752453815
654,high,med,2,2,big,low,unacc,1.7067413202276156
655,high,med,2,2,big,med,unacc,1.5040125017087909
656,high,med,2,2,big,high,unacc,3.2797557168598996
657,high,med,2,4,small,low,unacc,0.34940370084310235
658,high,med,2,4,small,med,unacc,1.3469019104060713
659,high,med,2,4,small,high,acc,2.4971864518878486
660,high,med,2,4,med,low,unacc,1.8061520267899853
661,high,med,2,4,med,med,unacc,2.574646213261395
662,high,med,2,4,med,high,acc,2.156067424685289
663,high,med,2,4,big,low,unacc,3.7079060649689746
664,high,med,2,4,big,med,acc,0.451844426911852
665,high,med,2,4,big,high,acc,3.6932132319812885
666,high,med,2,more,small,low,unacc,0.3032138812777987
667,high,med,2,more,small,med,unacc,0.48975159251951617
668,high,med,2,more,small,high,unacc,3.299030985016075
669,high,med,2,more,med,low,unacc,1.9144228784647166
670,high,med,2,more,med,med,unacc,3.820567965950649
671,high,med,2,more,med,high,acc,1.4827729169967307
672,high,med,2,more,big,low,unacc,1.7918709408259654
673,high,med,2,more,big,med,acc,0.33253620147115237
674,high,med,2,more,big,high,acc,3.4649390307320926
675,high,med,3,2,small,low,unacc,2.9176120693121863
676,high,med,3,2,small,med,unacc,3.2195479234026925
677,high,med,3,2,small,high,unacc,3.273108596745171
678,high,med,3,2,med,low,unacc,2.9721883370114313
679,high,med,3,2,med,med,unacc,3.8454656987969495
680,high,med,3,2,med,high,unacc,2.418911421981462
681,high,med,3,2,big,low,unacc,1.07495592491349
682,high,med,3,2,big,med,unacc,3.655901934805539
683,high,med,3,2,big,high,unacc,1.244299732548218
684,high,med,3,4,small,low,unacc,3.94585603588434
685,high,med,3,4,small,med,unacc,3.5068285102304606
686,high,med,3,4,small,high,acc,0.1309527185613395
687,high,med,3,4,med,low,unacc,2.68610936766385
688,high,med,3,4,med,med,unacc,1.386478021348133
689,high,med,3,4,med,high,acc,2.4307777877019587
690,high,med,3,4,big,low,unacc,1.6101845561315367
691,high,med,3,4,big,med,acc,1.8596630754807264
692,high,med,3,4,big,high,acc,1.440734959265955
693,high,med,3,more,small,low,unacc,0.3254422430624042
694,high,med,3,more,small,med,unacc,2.0644185543842353
695,high,med,3,more,small,high,acc,3.298256033696841
696,high,med,3,more,med,low,unacc,2.7179853173061046
697,high,med,3,more,med,med,acc,3.964259422378598
698,high,med,3,more,med,high,acc,2.6407741716747455
699,high,med,3,more,big,low,unacc,1.4534891082447103
700,high,med,3,more,big,med,acc,0.18776301868035405
701,high,med,3,more,big,high,acc,1.7021761862979674
702,high,med,4,2,small,low,unacc,3.2642328784402315
703,high,med,4,2,small,med,unacc,2.429208225940334
704,high,med,4,2,small,high,unacc,3.8454468287761068
705,high,med,4,2,med,low,unacc,0.9280030092169516
706,high,med,4,2,med,med,unacc,2.6764395948356037
707,high,med,4,2,med,high,unacc,0.45403204845982037
708,high,med,4,2,big,low,unacc,0.16794389778733043
709,high,med,4,2,big,med,unacc,0.783939925934872
710,high,med,4,2,big,high,unacc,0.7642002586602628
711,high,med,4,4,small,low,unacc,2.511796188290723
712,high,med,4,4,small,med,unacc,3.8638819317259427
713,high,med,4,4,small,high,acc,0.19315361783954366
714,high,med,4,4,med,low,unacc,3.992423525852703
715,high,med,4,4,med,med,acc,3.591447476546365
716,high,med,4,4,med,high,acc,3.202371161162683
717,high,med,4,4,big,low,unacc,2.7957890745036202
718,high,med,4,4,big,med,acc,1.6444352158722628
719,high,med,4,4,big,high,acc,1.008761811553244
720,high,med,4,more,small,low,unacc,2.729226053048514
721,high,med,4,more,small,med,unacc,1.9974935720136573
722,high,med,4,more,small,high,acc,3.2458104140915065
723,high,med,4,more,med,low,unacc,0.5857145136950996
724,high,med,4,more,med,med,acc,2.0803241856342454
725,high,med,4,more,med,high,acc,0.10035910225907729
726,high,med,4,more,big,low,unacc,1.6948715288563974
727,high,med,4,more,big,med,acc,2.7024736550773665
728,high,med,4,more,big,high,acc,2.634958945151083
729,high,med,5more,2,small,low,unacc,0.3616322009099009
730,high,med,5more,2,small,med,unacc,2.29657674613401
731,high,med,5more,2,small,high,unacc,2.770457678090456
732,high,med,5more,2,med,low,unacc,2.722695540988178
733,high,med,5more,2,med,med,unacc,0.7440568250533941
734,high,med,5more,2,med,high,unacc,1.8453480518451593
735,high,med,5more,2,big,low,unacc,0.045047785021615994
736,high,med,5more,2,big,med,unacc,0.7888482974730144
737,high,med,5more,2,big,high,unacc,3.0204483044049395
738,high,med,5more,4,small,low,unacc,1.8522620896343338
739,high,med,5more,4,small,med,unacc,1.7673748191894574
740,high,med,5more,4,small,high,acc,3.841890064063274
741,high,med,5more,4,med,low,unacc,1.6942318582818845
742,high,med,5more,4,med,med,acc,2.8460514913093276
743,high,med,5more,4,med,high,acc,2.3185027926658353
744,high,med,5more,4,big,low,unacc,0.753173630233583
745,high,med,5more,4,big,med,acc,1.014473729355895
746,high,med,5more,4,big,high,acc,3.7829799329055525
747,high,med,5more,more,small,low,unacc,0.17144077605515395
748,high,med,5more,more,small,med,unacc,2.869898506448272
749,high,med,5more,more,small,high,acc,1.3897850743124245
750,high,med,5more,more,med,low,unacc,0.5914183113595994
751,high,med,5more,more,med,med,acc,3.6141722065091715
752,high,med,5more,more,med,high,acc,2.856669441565387
753,high,med,5more,more,big,low,unacc,0.21799255030412068
754,high,med,5more,more,big,med,acc,2.4904397634928737
755,high,med,5more,more,big,high,acc,3.162675182944787
756,high,low,2,2,small,low,unacc,2.9080943705288838
757,high,low,2,2,small,med,unacc,2.0149792259721733
758,high,low,2,2,small,high,unacc,3.5613598928668444
759,high,low,2,2,med,low,unacc,1.6966214295657966
760,high,low,2,2,med,med,unacc,3.0623546061110822
761,high,low,2,2,med,high,unacc,3.42191317229139
762,high,low,2,2,big,low,unacc,3.8769041163732463
763,high,low,2,2,big,med,unacc,2.98189130917331
764,high,low,2,2,big,high,unacc,3.6099723954007183
765,high,low,2,4,small,low,unacc,1.8871545939190013
766,high,low,2,4,small,med,unacc,2.1731262896894354
767,high,low,2,4,small,high,acc,2.4711123839078106
768,high,low,2,4,med,low,unacc,1.3178205835997727
769,high,low,2,4,med,med,unacc,2.2535984042312682
770,high,low,2,4,med,high,acc,2.8372568685248636
771,high,low,2,4,big,low,unacc,3.165510787744708
772,high,low,2,4,big,med,acc,2.3078995562494935
773,high,low,2,4,big,high,acc,3.2895383421722
774,high,low,2,more,small,low,unacc,1.5593799608219094
775,high,low,2,more,small,med,unacc,1.8775948403697629
776,high,low,2,more,small,high,unacc,2.067090018847825
777,high,low,2,more,med,low,unacc,2.7106126878292063
778,high,low,2,more,med,med,unacc,2.499461973977095
779,high,low,2,more,med,high,acc,1.6078839147591695
780,high,low,2,more,big,low,unacc,2.8238027531280094
781,high,low,2,more,big,med,acc,1.104703215057195
782,high,low,2,more,big,high,acc,1.1686285665293012
783,high,low,3,2,small,low,unacc,1.9831758639266361
784,high,low,3,2,small,med,unacc,3.144712027583933
785,high,low,3,2,small,high,unacc,3.0020294587890515
786,high,low,3,2,med,low,unacc,0.628876790555525
787,high,low,3,2,med,med,unacc,3.046183686025439
788,high,low,3,2,med,high,unacc,2.8948697367248406
789,high,low,3,2,big,low,unacc,1.196453000288345
790,high,low,3,2,big,med,unacc,0.19293106261078918
791,high,low,3,2,big,high,unacc,2.6826028927816044
792,high,low,3,4,small,low,unacc,3.0394648414627747
793,high,low,3,4,small,med,unacc,0.15017449510461534
794,high,low,3,4,small,high,acc,2.8467458252157933
795,high,low,3,4,med,low,unacc,3.6922734670573436
796,high,low,3,4,med,med,unacc,2.435173663276008
797,high,low,3,4,med,high,acc,3.11995493234498
798,high,low,3,4,big,low,unacc,0.1587561829696531
799,high,low,3,4,big,med,acc,3.85610663291411
800,high,low,3,4,big,high,acc,2.1172426560003137
801,high,low,3,more,small,low,unacc,3.8530560325739835
802,high,low,3,more,small,med,unacc,3.477431078570538
803,high,low,3,more,small,high,acc,1.25622293289415
804,high,low,3,more,med,low,unacc,2.996662356217072
805,high,low,3,more,med,med,acc,1.1165700957416549
806,high,low,3,more,med,high,acc,3.934901435634975
807,high,low,3,more,big,low,unacc,3.1605226012150442
808,high,low,3,more,big,med,acc,2.867503918229581
809,high,low,3,more,big,high,acc,0.48089055090615007
810,high,low,4,2,small,low,unacc,3.9138762635031674
811,high,low,4,2,small,med,unacc,2.771669919544653
812,high,low,4,2,small,high,unacc,0.2011421877744093
813,high,low,4,2,med,low,unacc,3.760727262914419
814,high,low,4,2,med,med,unacc,1.896421077784289
815,high,low,4,2,med,high,unacc,2.657389254589995
816,high,low,4,2,big,low,unacc,1.5038537088499906
817,high,low,4,2,big,med,unacc,0.9417818633406974
818,high,low,4,2,big,high,unacc,1.100000622000446
819,high,low,4,4,small,low,unacc,3.904382845395225
820,high,low,4,4,small,med,unacc,1.4125596922968553
821,high,low,4,4,small,high,acc,3.0739177516951637
822,high,low,4,4,med,low,unacc,1.10374837308991
823,high,low,4,4,med,med,acc,0.1675499458780525
824,high,low,4,4,med,high,acc,0.8779797258460929
825,high,low,4,4,big,low,unacc,2.0400141981361513
826,high,low,4,4,big,med,acc,2.1558390167948245
827,high,low,4,4,big,high,acc,1.8591672185573072
828,high,low,4,more,small,low,unacc,2.735705780392406
829,high,low,4,more,small,med,unacc,0.5356344412964074
830,high,low,4,more,small,high,acc,0.3797176068847574
831,high,low,4,more,med,low,unacc,0.2989412787114438
832,high,low,4,more,med,med,acc,1.7916077837480988
833,high,low,4,more,med,high,acc,2.202096373731425
834,high,low,4,more,big,low,unacc,0.07332433802161997
835,high,low,4,more,big,med,acc,1.7023664196228165
836,high,low,4,more,big,high,acc,1.6324509610542135
837,high,low,5more,2,small,low,unacc,0.21105732877324979
838,high,low,5more,2,small,med,unacc,2.662921624619061
839,high,low,5more,2,small,high,unacc,1.7184479978910416
840,high,low,5more,2,med,low,unacc,0.5319803049141307
841,high,low,5more,2,med,med,unacc,0.714809797890807
842,high,low,5more,2,med,high,unacc,2.9414106042489045
843,high,low,5more,2,big,low,unacc,0.17418811202655693
844,high,low,5more,2,big,med,unacc,1.1824319620569832
845,high,low,5more,2,big,high,unacc,3.1613424629071196
846,high,low,5more,4,small,low,unacc,2.9769364253801283
847,high,low,5more,4,small,med,unacc,2.7179027444824975
848,high,low,5more,4,small,high,acc,0.2692544960917749
849,high,low,5more,4,med,low,unacc,2.395996709784466
850,high,low,5more,4,med,med,acc,2.778186688916629
851,high,low,5more,4,med,high,acc,0.8281068186304181
852,high,low,5more,4,big,low,unacc,1.6455548237010507
853,high,low,5more,4,big,med,acc,2.90171394916939
854,high,low,5more,4,big,high,acc,3.054455679320652
855,high,low,5more,more,small,low,unacc,2.8224555453350972
856,high,low,5more,more,small,med,unacc,1.5156230409851115
857,high,low,5more,more,small,high,acc,2.3086404173099937
858,high,low,5more,more,med,low,unacc,3.011076888724315
859,high,low,5more,more,med,med,acc,0.1581279289104649
860,high,low,5more,more,med,high,acc,0.9926580954574513
861,high,low,5more,more,big,low,unacc,0.23215287529430828
862,high,low,5more,more,big,med,acc,1.9706598012502274
863,high,low,5more,more,big,high,acc,2.9943997456801488
864,med,vhigh,2,2,small,low,unacc,0.24299140607638847
865,med,vhigh,2,2,small,med,unacc,3.917489395392573
866,med,vhigh,2,2,small,high,unacc,0.25859198348045
867,med,vhigh,2,2,med,low,unacc,1.2651148551454634
868,med,vhigh,2,2,med,med,unacc,3.793424891886734
869,med,vhigh,2,2,med,high,unacc,3.6603141668667276
870,med,vhigh,2,2,big,low,unacc,0.6914411260676463
871,med,vhigh,2,2,big,med,unacc,1.0291880968891935
872,med,vhigh,2,2,big,high,unacc,0.4704705301358425
873,med,vhigh,2,4,small,low,unacc,0.46147165839983906
874,med,vhigh,2,4,small,med,unacc,3.731660509087572
875,med,vhigh,2,4,small,high,acc,1.7687410276871973
876,med,vhigh,2,4,med,low,unacc,1.2553164738846547
877,med,vhigh,2,4,med,med,unacc,1.3062701605431215
878,med,vhigh,2,4,med,high,acc,1.8008553129793965
879,med,vhigh,2,4,big,low,unacc,3.0535466283784687
880,med,vhigh,2,4,big,med,acc,0.5845319929524773
881,med,vhigh,2,4,big,high,acc,2.636508253494181
882,med,vhigh,2,more,small,low,unacc,2.550078044112036
883,med,vhigh,2,more,small,med,unacc,1.9199986274069056
884,med,vhigh,2,more,small,high,unacc,2.514719936429052
885,med,vhigh,2,more,med,low,unacc,3.6254252193167504
886,med,vhigh,2,more,med,med,unacc,3.120207633675058
887,med,vhigh,2,more,med,high,acc,0.9676159344907278
888,med,vhigh,2,more,big,low,unacc,0.26816752792100385
889,med,vhigh,2,more,big,med,acc,0.473585420259659
890,med,vhigh,2,more,big,high,acc,3.0811929388872743
891,med,vhigh,3,2,small,low,unacc,2.1566407152090403
892,med,vhigh,3,2,small,med,unacc,2.266390620810824
893,med,vhigh,3,2,small,high,unacc,1.4327352597048626
894,med,vhigh,3,2,med,low,unacc,3.1824229460240248
895,med,vhigh,3,2,med,med,unacc,2.5801726348489
896,med,vhigh,3,2,med,high,unacc,1.0206120027881216
897,med,vhigh,3,2,big,low,unacc,1.2464179261738475
898,med,vhigh,3,2,big,med,unacc,1.5740936452934258
899,med,vhigh,3,2,big,high,unacc,2.12617385374046
900,med,vhigh,3,4,small,low,unacc,1.9554596912813071
901,med,vhigh,3,4,small,med,unacc,2.230599489642687
902,med,vhigh,3,4,small,high,acc,1.279168227695687
903,med,vhigh,3,4,med,low,unacc,2.670441694927402
904,med,vhigh,3,4,med,med,unacc,2.943747400237689
905,med,vhigh,3,4,med,high,acc,1.437936569634148
906,med,vhigh,3,4,big,low,unacc,0.9953435790389857
907,med,vhigh,3,4,big,med,acc,2.4180820530989835
908,med,vhigh,3,4,big,high,acc,3.5675392832749675
909,med,vhigh,3,more,small,low,unacc,0.9392942399206321
910,med,vhigh,3,more,small,med,unacc,0.7067936657173108
911,med,vhigh,3,more,small,high,acc,0.4231428601103495
912,med,vhigh,3,more,med,low,unacc,2.0934847274960453
913,med,vhigh,3,more,med,med,acc,3.0505119157671534
914,med,vhigh,3,more,med,high,acc,2.5450157034203182
915,med,vhigh,3,more,big,low,unacc,1.127614006439087
916,med,vhigh,3,more,big,med,acc,0.10181287734341637
917,med,vhigh,3,more,big,high,acc,2.566756725381757
918,med,vhigh,4,2,small,low,unacc,2.4702649753052373
919,med,vhigh,4,2,small,med,unacc,1.1615957072003016
920,med,vhigh,4,2,small,high,unacc,2.748079380229732
921,med,vhigh,4,2,med,low,unacc,1.1751309966760024
922,med,vhigh,4,2,med,med,unacc,2.6061372120352484
923,med,vhigh,4,2,med,high,unacc,3.452044862316661
924,med,vhigh,4,2,big,low,unacc,0.0843752318141715
925,med,vhigh,4,2,big,med,unacc,0.032073107556108926
926,med,vhigh,4,2,big,high,unacc,1.323552592761632
927,med,vhigh,4,4,small,low,unacc,1.162448117600348
928,med,vhigh,4,4,small,med,unacc,2.6193792002910055
929,med,vhigh,4,4,small,high,acc,1.080769387825721
930,med,vhigh,4,4,med,low,unacc,1.8314977239692696
931,med,vhigh,4,4,med,med,acc,1.9884179438941842
932,med,vhigh,4,4,med,high,acc,1.7612948769422694
933,med,vhigh,4,4,big,low,unacc,1.2106926755675436
934,med,vhigh,4,4,big,med,acc,3.031931345455103
935,med,vhigh,4,4,big,high,acc,2.6058636165319045
936,med,vhigh,4,more,small,low,unacc,1.3032586248162397
937,med,vhigh,4,more,small,med,unacc,0.9170202815130759
938,med,vhigh,4,more,small,high,acc,0.3185473547634685
939,med,vhigh,4,more,med,low,unacc,0.7119162004160673
940,med,vhigh,4,more,med,med,acc,2.1635067928237106
941,med,vhigh,4,more,med,high,acc,2.925248719819803
942,med,vhigh,4,more,big,low,unacc,3.867101801010057
943,med,vhigh,4,more,big,med,acc,0.7657265969233435
944,med,vhigh,4,more,big,high,acc,3.1304941261480015
945,med,vhigh,5more,2,small,low,unacc,2.4763776809970284
946,med,vhigh,5more,2,small,med,unacc,2.6598067688122233
947,med,vhigh,5more,2,small,high,unacc,2.2921416910581276
948,med,vhigh,5more,2,med,low,unacc,1.6891814055197822
949,med,vhigh,5more,2,med,med,unacc,3.782661949257039
950,med,vhigh,5more,2,med,high,unacc,3.598371281186222
951,med,vhigh,5more,2,big,low,unacc,1.416632424785924
952,med,vhigh,5more,2,big,med,unacc,3.670350411089055
953,med,vhigh,5more,2,big,high,unacc,2.091518897351313
954,med,vhigh,5more,4,small,low,unacc,3.4880831095480613
955,med,vhigh,5more,4,small,med,unacc,3.217418597027448
956,med,vhigh,5more,4,small,high,acc,2.819627333182014
957,med,vhigh,5more,4,med,low,unacc,2.5941270043954416
958,med,vhigh,5more,4,med,med,acc,0.33645622953616217
959,med,vhigh,5more,4,med,high,acc,1.9036734681638263
960,med,vhigh,5more,4,big,low,unacc,3.0095531192491936
961,med,vhigh,5more,4,big,med,acc,1.6643807349286268
962,med,vhigh,5more,4,big,high,acc,1.2852494287250664
963,med,vhigh,5more,more,small,low,unacc,1.319503889996494
964,med,vhigh,5more,more,small,med,unacc,0.6240845931787065
965,med,vhigh,5more,more,small,high,acc,0.49449545819322616
966,med,vhigh,5more,more,med,low,unacc,2.431918290420076
967,med,vhigh,5more,more,med,med,acc,1.4864043492538257
968,med,vhigh,5more,more,med,high,acc,2.314685784142726
969,med,vhigh,5more,more,big,low,unacc,3.584979088735288
970,med,vhigh,5more,more,big,med,acc,0.3112027130992736
971,med,vhigh,5more,more,big,high,acc,2.3041192715189527
972,med,high,2,2,small,low,unacc,3.202490858863602
973,med,high,2,2,small,med,unacc,1.4239159497811356
974,med,high,2,2,small,high,unacc,0.6777917813627496
975,med,high,2,2,med,low,unacc,3.08526987929859
976,med,high,2,2,med,med,unacc,1.2209417696279843
977,med,high,2,2,med,high,unacc,0.14219616378536948
978,med,high,2,2,big,low,unacc,2.2614109884471745
979,med,high,2,2,big,med,unacc,1.9529339940678758
980,med,high,2,2,big,high,unacc,2.805141208617861
981,med,high,2,4,small,low,unacc,0.8159007236737694
982,med,high,2,4,small,med,unacc,1.3091344470135309
983,med,high,2,4,small,high,acc,1.8000224360316621
984,med,high,2,4,med,low,unacc,3.1358339907095685
985,med,high,2,4,med,med,unacc,3.9814040448364336
986,med,high,2,4,med,high,acc,1.1268113302083926
987,med,high,2,4,big,low,unacc,3.6019459396336866
988,med,high,2,4,big,med,acc,1.2884575721902864
989,med,high,2,4,big,high,acc,2.7579626010761658
990,med,high,2,more,small,low,unacc,3.745524572877697
991,med,high,2,more,small,med,unacc,0.6923750070472914
992,med,high,2,more,small,high,unacc,2.533122321064818
993,med,high,2,more,med,low,unacc,1.5303902797553937
994,med,high,2,more,med,med,unacc,2.5792512414319115
995,med,high,2,more,med,high,acc,2.7729393299605305
996,med,high,2,more,big,low,unacc,2.98442197046899
997,med,high,2,more,big,med,acc,3.7447227390769062
998,med,high,2,more,big,high,acc,2.737412218857548
999,med,high,3,2,small,low,unacc,1.5172020837182858
1000,med,high,3,2,small,med,unacc,3.533383933252259
1001,med,high,3,2,small,high,unacc,2.4090524771526707
1002,med,high,3,2,med,low,unacc,2.717654821235044
1003,med,high,3,2,med,med,unacc,1.768893375631838
1004,med,high,3,2,med,high,unacc,3.980246342195061
1005,med,high,3,2,big,low,unacc,3.8520687363683375
1006,med,high,3,2,big,med,unacc,2.3670305868365564
1007,med,high,3,2,big,high,unacc,2.5125624199258567
1008,med,high,3,4,small,low,unacc,1.5598082769937096
1009,med,high,3,4,small,med,unacc,2.5939547112733665
1010,med,high,3,4,small,high,acc,1.7281074537592183
1011,med,high,3,4,med,low,unacc,3.3383235050396602
1012,med,high,3,4,med,med,unacc,1.8333930626378345
1013,med,high,3,4,med,high,acc,2.8663526288607235
1014,med,high,3,4,big,low,unacc,3.8894560276101537
1015,med,high,3,4,big,med,acc,0.9505331472627443
1016,med,high,3,4,big,high,acc,3.9623934119892428
1017,med,high,3,more,small,low,unacc,2.5184635543584575
1018,med,high,3,more,small,med,unacc,0.5451350475696191
1019,med,high,3,more,small,high,acc,3.437489947130856
1020,med,high,3,more,med,low,unacc,0.07595444880197189
1021,med,high,3,more,med,med,acc,0.9413295197137992
1022,med,high,3,more,med,high,acc,2.0961704546680164
1023,med,high,3,more,big,low,unacc,0.118561370420601
1024,med,high,3,more,big,med,acc,2.3752238156339915
1025,med,high,3,more,big,high,acc,2.7055629224094
1026,med,high,4,2,small,low,unacc,3.8793974144674017
1027,med,high,4,2,small,med,unacc,1.0550539358422837
1028,med,high,4,2,small,high,unacc,3.399374775471521
1029,med,high,4,2,med,low,unacc,3.497961483987768
1030,med,high,4,2,med,med,unacc,1.2153118419368774
1031,med,high,4,2,med,high,unacc,3.3329382158689635
1032,med,high,4,2,big,low,unacc,3.254406479681132
1033,med,high,4,2,big,med,unacc,0.837042998025133
1034,med,high,4,2,big,high,unacc,1.627833594088862
1035,med,high,4,4,small,low,unacc,1.5041731371080762
1036,med,high,4,4,small,med,unacc,3.64677391917667
1037,med,high,4,4,small,high,acc,2.569665792413316
1038,med,high,4,4,med,low,unacc,2.5506308075444872
1039,med,high,4,4,med,med,acc,0.010308850009433712
1040,med,high,4,4,med,high,acc,3.7456058726806627
1041,med,high,4,4,big,low,unacc,3.5703794664282587
1042,med,high,4,4,big,med,acc,0.9780791462934357
1043,med,high,4,4,big,high,acc,0.1309893692062003
1044,med,high,4,more,small,low,unacc,1.7286087927304608
1045,med,high,4,more,small,med,unacc,2.052066561004484
1046,med,high,4,more,small,high,acc,2.0431691644480328
1047,med,high,4,more,med,low,unacc,3.0172786547906822
1048,med,high,4,more,med,med,acc,3.1356435523761976
1049,med,high,4,more,med,high,acc,2.7411552276774143
1050,med,high,4,more,big,low,unacc,1.5731488067332542
1051,med,high,4,more,big,med,acc,1.1687390654239689
1052,med,high,4,more,big,high,acc,3.1037054982016694
1053,med,high,5more,2,small,low,unacc,1.4941163957091295
1054,med,high,5more,2,small,med,unacc,1.5927441916121485
1055,med,high,5more,2,small,high,unacc,3.864103724725642
1056,med,high,5more,2,med,low,unacc,3.320406144297209
1057,med,high,5more,2,med,med,unacc,3.315793566880201
1058,med,high,5more,2,med,high,unacc,2.3084885379827553
1059,med,high,5more,2,big,low,unacc,1.3822442597870714
1060,med,high,5more,2,big,med,unacc,2.1008961940896724
1061,med,high,5more,2,big,high,unacc,1.2842597466160823
1062,med,high,5more,4,small,low,unacc,0.8814558692719499
1063,med,high,5more,4,small,med,unacc,1.0716923146341832
1064,med,high,5more,4,small,high,acc,3.799735628846427
1065,med,high,5more,4,med,low,unacc,3.8682512862017786
1066,med,high,5more,4,med,med,acc,3.6492602640066374
1067,med,high,5more,4,med,high,acc,2.3793691898361558
1068,med,high,5more,4,big,low,unacc,3.633346240740614
1069,med,high,5more,4,big,med,acc,1.639325810186473
1070,med,high,5more,4,big,high,acc,1.885091053525699
1071,med,high,5more,more,small,low,unacc,1.7987554457478643
1072,med,high,5more,more,small,med,unacc,3.0160182799852926
1073,med,high,5more,more,small,high,acc,3.659140131325847
1074,med,high,5more,more,med,low,unacc,1.6580526560351152
1075,med,high,5more,more,med,med,acc,1.5019290136084673
1076,med,high,5more,more,med,high,acc,2.324028669696179
1077,med,high,5more,more,big,low,unacc,1.9443347461859308
1078,med,high,5more,more,big,med,acc,1.7293024373776333
1079,med,high,5more,more,big,high,acc,2.4915085795580634
1080,med,med,2,2,small,low,unacc,0.18160449427093006
1081,med,med,2,2,small,med,unacc,1.3945826341126835
1082,med,med,2,2,small,high,unacc,1.3972400872746529
1083,med,med,2,2,med,low,unacc,0.864686364216039
1084,med,med,2,2,med,med,unacc,2.629216505371906
1085,med,med,2,2,med,high,unacc,1.7847508081351116
1086,med,med,2,2,big,low,unacc,0.5036476083517538
1087,med,med,2,2,big,med,unacc,2.182372618667343
1088,med,med,2,2,big,high,unacc,1.426353063535561
1089,med,med,2,4,small,low,unacc,1.6093283304337378
1090,med,med,2,4,small,med,acc,1.0465884317011533
1091,med,med,2,4,small,high,acc,1.9997829036027435
1092,med,med,2,4,med,low,unacc,0.7333294796801515
1093,med,med,2,4,med,med,acc,0.6669778799956831
1094,med,med,2,4,med,high,acc,1.880099372113469
1095,med,med,2,4,big,low,unacc,3.4851367180287496
1096,med,med,2,4,big,med,acc,0.8581184803032422
1097,med,med,2,4,big,high,vgood,3.3121630828366113
1098,med,med,2,more,small,low,unacc,1.3290354708106649
1099,med,med,2,more,small,med,unacc,0.022820307835916598
1100,med,med,2,more,small,high,unacc,0.4700098082953357
1101,med,med,2,more,med,low,unacc,1.9826470004389627
1102,med,med,2,more,med,med,acc,2.9294536294547786
1103,med,med,2,more,med,high,acc,0.2177474537300057
1104,med,med,2,more,big,low,unacc,1.5166342950673166
1105,med,med,2,more,big,med,acc,3.2393095364968554
1106,med,med,2,more,big,high,vgood,2.3329479906948287
1107,med,med,3,2,small,low,unacc,3.1709473088050304
1108,med,med,3,2,small,med,unacc,2.2039533899363546
1109,med,med,3,2,small,high,unacc,3.063562031054159
1110,med,med,3,2,med,low,unacc,0.09481365858683777
1111,med,med,3,2,med,med,unacc,3.9051540839593826
1112,med,med,3,2,med,high,unacc,1.2949358433455012
1113,med,med,3,2,big,low,unacc,0.7868873671469543
1114,med,med,3,2,big,med,unacc,1.936205823246902
1115,med,med,3,2,big,high,unacc,1.958654853554366
1116,med,med,3,4,small,low,unacc,2.749076960553443
1117,med,med,3,4,small,med,acc,3.176557899346741
1118,med,med,3,4,small,high,acc,3.467554197670064
1119,med,med,3,4,med,low,unacc,1.989508380194824
1120,med,med,3,4,med,med,acc,3.6757301102272697
1121,med,med,3,4,med,high,acc,2.183405647239674
1122,med,med,3,4,big,low,unacc,0.7974047414190051
1123,med,med,3,4,big,med,acc,3.6405557978498684
1124,med,med,3,4,big,high,vgood,0.4057913526283907
1125,med,med,3,more,small,low,unacc,1.7872853921293461
1126,med,med,3,more,small,med,acc,3.643759616125298
1127,med,med,3,more,small,high,acc,3.569949039323528
1128,med,med,3,more,med,low,unacc,2.685209416899983
1129,med,med,3,more,med,med,acc,0.05005642062448068
1130,med,med,3,more,med,high,vgood,2.8254593233859358
1131,med,med,3,more,big,low,unacc,0.6856178055832025
1132,med,med,3,more,big,med,acc,2.2905848955872594
1133,med,med,3,more,big,high,vgood,3.4538735232025677
1134,med,med,4,2,small,low,unacc,0.6614819228132305
1135,med,med,4,2,small,med,unacc,1.9649404569302713
1136,med,med,4,2,small,high,unacc,0.3604349020406654
1137,med,med,4,2,med,low,unacc,1.3959069136409088
1138,med,med,4,2,med,med,unacc,2.41147431273166
1139,med,med,4,2,med,high,unacc,3.7828250669389374
1140,med,med,4,2,big,low,unacc,2.4963784232787702
1141,med,med,4,2,big,med,unacc,0.3699754860978879
1142,med,med,4,2,big,high,unacc,3.872073797819541
1143,med,med,4,4,small,low,unacc,1.2231662467979003
1144,med,med,4,4,small,med,acc,3.084430488379579
1145,med,med,4,4,small,high,acc,1.8148187861061538
1146,med,med,4,4,med,low,unacc,2.3510229889718492
1147,med,med,4,4,med,med,acc,1.9087597577236806
1148,med,med,4,4,med,high,vgood,2.110182777145726
1149,med,med,4,4,big,low,unacc,2.0828449957556496
1150,med,med,4,4,big,med,acc,3.8464308315146107
1151,med,med,4,4,big,high,vgood,0.576140548214902
1152,med,med,4,more,small,low,unacc,1.5630230582754194
1153,med,med,4,more,small,med,acc,1.0631635627199185
1154,med,med,4,more,small,high,acc,3.6402840510569434
1155,med,med,4,more,med,low,unacc,3.2397885685909222
1156,med,med,4,more,med,med,acc,3.921869041827834
1157,med,med,4,more,med,high,vgood,1.8198227945099936
1158,med,med,4,more,big,low,unacc,0.8890650696399809
1159,med,med,4,more,big,med,acc,3.6546928208297933
1160,med,med,4,more,big,high,vgood,1.3767164337044964
1161,med,med,5more,2,small,low,unacc,3.765897605429549
1162,med,med,5more,2,small,med,unacc,0.45614562967794603
1163,med,med,5more,2,small,high,unacc,2.1413298108357206
1164,med,med,5more,2,med,low,unacc,3.0866264755589854
1165,med,med,5more,2,med,med,unacc,2.3904934714694503
1166,med,med,5more,2,med,high,unacc,0.8905521624412369
1167,med,med,5more,2,big,low,unacc,2.1827286593953286
1168,med,med,5more,2,big,med,unacc,3.4987890535570227
1169,med,med,5more,2,big,high,unacc,1.7913677066661249
1170,med,med,5more,4,small,low,unacc,0.8881257779169789
1171,med,med,5more,4,small,med,acc,3.3361342322334226
1172,med,med,5more,4,small,high,acc,3.4361461389787595
1173,med,med,5more,4,med,low,unacc,0.4245557689924069
1174,med,med,5more,4,med,med,acc,0.26989897138955987
1175,med,med,5more,4,med,high,vgood,3.437401787434114
1176,med,med,5more,4,big,low,unacc,2.810364016210718
1177,med,med,5more,4,big,med,acc,2.4404847250666015
1178,med,med,5more,4,big,high,vgood,0.9848813647802346
1179,med,med,5more,more,small,low,unacc,2.4258525852989488
1180,med,med,5more,more,small,med,acc,3.7491858282509436
1181,med,med,5more,more,small,high,acc,3.936940348711415
1182,med,med,5more,more,med,low,unacc,1.7945027834730456
1183,med,med,5more,more,med,med,acc,2.8270122183048207
1184,med,med,5more,more,med,high,vgood,2.6793517383503787
1185,med,med,5more,more,big,low,unacc,0.8301664153700314
1186,med,med,5more,more,big,med,acc,3.038310753715187
1187,med,med,5more,more,big,high,vgood,1.998787446218055
1188,med,low,2,2,small,low,unacc,2.419919440357421
1189,med,low,2,2,small,med,unacc,3.0622660583259176
1190,med,low,2,2,small,high,unacc,2.7726597613699093
1191,med,low,2,2,med,low,unacc,1.9380937735091672
1192,med,low,2,2,med,med,unacc,0.017149340075887753
1193,med,low,2,2,med,high,unacc,1.9032455601116234
1194,med,low,2,2,big,low,unacc,2.87559006976373
1195,med,low,2,2,big,med,unacc,2.325141121095689
1196,med,low,2,2,big,high,unacc,3.729800573666227
1197,med,low,2,4,small,low,unacc,2.3741800394475083
1198,med,low,2,4,small,med,acc,3.8123559756205445
1199,med,low,2,4,small,high,good,2.3814892890933357
1200,med,low,2,4,med,low,unacc,1.0322525633567414
1201,med,low,2,4,med,med,acc,3.094412529483958
1202,med,low,2,4,med,high,good,3.2190200608603092
1203,med,low,2,4,big,low,unacc,1.5687850168098878
1204,med,low,2,4,big,med,good,2.210999565071783
1205,med,low,2,4,big,high,vgood,2.8925738148891207
1206,med,low,2,more,small,low,unacc,1.0290654843390197
1207,med,low,2,more,small,med,unacc,1.7063348535784622
1208,med,low,2,more,small,high,unacc,3.5091628045469734
1209,med,low,2,more,med,low,unacc,2.5101965791969905
1210,med,low,2,more,med,med,acc,0.09884058595551748
1211,med,low,2,more,med,high,good,0.29378411501044477
1212,med,low,2,more,big,low,unacc,0.3991220320055726
1213,med,low,2,more,big,med,good,3.749486751024253
1214,med,low,2,more,big,high,vgood,3.4301329126293205
1215,med,low,3,2,small,low,unacc,0.40711958302057694
1216,med,low,3,2,small,med,unacc,1.809447636758775
1217,med,low,3,2,small,high,unacc,2.3381099325480896
1218,med,low,3,2,med,low,unacc,1.1563911510635867
1219,med,low,3,2,med,med,unacc,1.7990554741722948
1220,med,low,3,2,med,high,unacc,3.8761028833197533
1221,med,low,3,2,big,low,unacc,0.0333001652108047
1222,med,low,3,2,big,med,unacc,0.9069421506330175
1223,med,low,3,2,big,high,unacc,2.3842965010979684
1224,med,low,3,4,small,low,unacc,3.6458342526724565
1225,med,low,3,4,small,med,acc,3.9202945309732296
1226,med,low,3,4,small,high,good,0.9067893334552517
1227,med,low,3,4,med,low,unacc,2.2697513189485488
1228,med,low,3,4,med,med,acc,2.948124196034816
1229,med,low,3,4,med,high,good,3.821960419868398
1230,med,low,3,4,big,low,unacc,1.6686070817077616
1231,med,low,3,4,big,med,good,2.5958116096755632
1232,med,low,3,4,big,high,vgood,0.1430565266652799
1233,med,low,3,more,small,low,unacc,0.16154465884556846
1234,med,low,3,more,small,med,acc,2.1070474766543685
1235,med,low,3,more,small,high,good,1.8157843495099115
1236,med,low,3,more,med,low,unacc,2.153018864345365
1237,med,low,3,more,med,med,good,0.7770205311577443
1238,med,low,3,more,med,high,vgood,1.5926728490117465
1239,med,low,3,more,big,low,unacc,1.212315671007699
1240,med,low,3,more,big,med,good,1.3330164281049162
1241,med,low,3,more,big,high,vgood,0.9987344498251982
1242,med,low,4,2,small,low,unacc,2.879161783950522
1243,med,low,4,2,small,med,unacc,3.670081301508217
1244,med,low,4,2,small,high,unacc,3.6677978320990507
1245,med,low,4,2,med,low,unacc,1.8247357188133924
1246,med,low,4,2,med,med,unacc,3.215626314981778
1247,med,low,4,2,med,high,unacc,1.7157119760058315
1248,med,low,4,2,big,low,unacc,3.2978105718302304
1249,med,low,4,2,big,med,unacc,2.293150533540259
1250,med,low,4,2,big,high,unacc,0.38249856282353356
1251,med,low,4,4,small,low,unacc,0.7661061710581047
1252,med,low,4,4,small,med,acc,0.7393345865310113
1253,med,low,4,4,small,high,good,2.3833840312751153
1254,med,low,4,4,med,low,unacc,2.271131457648333
1255,med,low,4,4,med,med,good,0.5502019584741711
1256,med,low,4,4,med,high,vgood,0.2892155745678666
1257,med,low,4,4,big,low,unacc,2.5845626265653086
1258,med,low,4,4,big,med,good,0.19204197533482992
1259,med,low,4,4,big,high,vgood,2.3300476161382457
1260,med,low,4,more,small,low,unacc,2.752144659269368
1261,med,low,4,more,small,med,acc,1.1409398675763613
1262,med,low,4,more,small,high,good,3.7572125537703367
1263,med,low,4,more,med,low,unacc,0.148267815875883
1264,med,low,4,more,med,med,good,3.61615423758726
1265,med,low,4,more,med,high,vgood,3.5297806549276762
1266,med,low,4,more,big,low,unacc,2.0632495453837714
1267,med,low,4,more,big,med,good,0.12436314229229595
1268,med,low,4,more,big,high,vgood,0.37201614613762723
1269,med,low,5more,2,small,low,unacc,0.11743517864578745
1270,med,low,5more,2,small,med,unacc,3.811534655158718
1271,med,low,5more,2,small,high,unacc,1.8051574671625565
1272,med,low,5more,2,med,low,unacc,1.9581729502824299
1273,med,low,5more,2,med,med,unacc,0.16117070359810937
1274,med,low,5more,2,med,high,unacc,1.2688075289867795
1275,med,low,5more,2,big,low,unacc,1.3603694280058085
1276,med,low,5more,2,big,med,unacc,1.2812149256092171
1277,med,low,5more,2,big,high,unacc,1.3162783739271293
1278,med,low,5more,4,small,low,unacc,0.6885975432193412
1279,med,low,5more,4,small,med,acc,3.3660409989423785
1280,med,low,5more,4,small,high,good,0.805267151096142
1281,med,low,5more,4,med,low,unacc,1.5002379357735993
1282,med,low,5more,4,med,med,good,0.6892648000650343
1283,med,low,5more,4,med,high,vgood,1.2384540321096487
1284,med,low,5more,4,big,low,unacc,3.9607810837503226
1285,med,low,5more,4,big,med,good,1.2366315497699265
1286,med,low,5more,4,big,high,vgood,2.3433563949627985
1287,med,low,5more,more,small,low,unacc,1.075219639426718
1288,med,low,5more,more,small,med,acc,1.3518767015662663
1289,med,low,5more,more,small,high,good,0.379402862684016
1290,med,low,5more,more,med,low,unacc,0.5915237026378857
1291,med,low,5more,more,med,med,good,2.5393261025733747
1292,med,low,5more,more,med,high,vgood,2.88442104641663
1293,med,low,5more,more,big,low,unacc,3.639953170250785
1294,med,low,5more,more,big,med,good,3.0214372937285834
1295,med,low,5more,more,big,high,vgood,3.602504619213189
1296,low,vhigh,2,2,small,low,unacc,2.306401667192951
1297,low,vhigh,2,2,small,med,unacc,0.8253570593424762
1298,low,vhigh,2,2,small,high,unacc,2.0750520108366786
1299,low,vhigh,2,2,med,low,unacc,0.3779609418200378
1300,low,vhigh,2,2,med,med,unacc,3.5643716533970418
1301,low,vhigh,2,2,med,high,unacc,0.7273419949551276
1302,low,vhigh,2,2,big,low,unacc,1.0572878090538498
1303,low,vhigh,2,2,big,med,unacc,2.922713915783096
1304,low,vhigh,2,2,big,high,unacc,1.9656817556607789
1305,low,vhigh,2,4,small,low,unacc,3.6693631615440476
1306,low,vhigh,2,4,small,med,unacc,1.0021317659312605
1307,low,vhigh,2,4,small,high,acc,0.8867672206269366
1308,low,vhigh,2,4,med,low,unacc,3.663336534776512
1309,low,vhigh,2,4,med,med,unacc,0.019409797548564978
1310,low,vhigh,2,4,med,high,acc,0.051697659971815746
1311,low,vhigh,2,4,big,low,unacc,1.3545059171597438
1312,low,vhigh,2,4,big,med,acc,2.8585407626744486
1313,low,vhigh,2,4,big,high,acc,2.5530075705874853
1314,low,vhigh,2,more,small,low,unacc,3.517975407924896
1315,low,vhigh,2,more,small,med,unacc,0.02250732535536404
1316,low,vhigh,2,more,small,high,unacc,3.662281614448222
1317,low,vhigh,2,more,med,low,unacc,1.5229677253711467
1318,low,vhigh,2,more,med,med,unacc,1.247945054333362
1319,low,vhigh,2,more,med,high,acc,3.5341729783285594
1320,low,vhigh,2,more,big,low,unacc,0.09789260455121829
1321,low,vhigh,2,more,big,med,acc,3.8272506732832725
1322,low,vhigh,2,more,big,high,acc,2.044470083093206
1323,low,vhigh,3,2,small,low,unacc,2.7582856912705536
1324,low,vhigh,3,2,small,med,unacc,1.557483455492751
1325,low,vhigh,3,2,small,high,unacc,0.28606938713151475
1326,low,vhigh,3,2,med,low,unacc,2.0466186436283875
1327,low,vhigh,3,2,med,med,unacc,2.1190309292993197
1328,low,vhigh,3,2,med,high,unacc,1.4390858095153778
1329,low,vhigh,3,2,big,low,unacc,0.22674008500630194
1330,low,vhigh,3,2,big,med,unacc,2.7465399405277635
1331,low,vhigh,3,2,big,high,unacc,0.7634972809627274
1332,low,vhigh,3,4,small,low,unacc,1.3395358244972306
1333,low,vhigh,3,4,small,med,unacc,3.684005527301114
1334,low,vhigh,3,4,small,high,acc,1.8586256441055107
1335,low,vhigh,3,4,med,low,unacc,3.578806104297824
1336,low,vhigh,3,4,med,med,unacc,1.4306425793544375
1337,low,vhigh,3,4,med,high,acc,0.45997901152017917
1338,low,vhigh,3,4,big,low,unacc,0.5984334019485189
1339,low,vhigh,3,4,big,med,acc,2.517665747790066
1340,low,vhigh,3,4,big,high,acc,3.9118141200196304
1341,low,vhigh,3,more,small,low,unacc,2.29741983917614
1342,low,vhigh,3,more,small,med,unacc,3.7502455711678926
1343,low,vhigh,3,more,small,high,acc,2.4147042212946084
1344,low,vhigh,3,more,med,low,unacc,1.1280632450681312
1345,low,vhigh,3,more,med,med,acc,1.3930247875701531
1346,low,vhigh,3,more,med,high,acc,0.5778106202720199
1347,low,vhigh,3,more,big,low,unacc,0.49539280358095494
1348,low,vhigh,3,more,big,med,acc,0.28166941701173354
1349,low,vhigh,3,more,big,high,acc,1.038530108605411
1350,low,vhigh,4,2,small,low,unacc,2.3095724547251417
1351,low,vhigh,4,2,small,med,unacc,0.737041694803112
1352,low,vhigh,4,2,small,high,unacc,3.834818238363123
1353,low,vhigh,4,2,med,low,unacc,2.8290766768111784
1354,low,vhigh,4,2,med,med,unacc,3.0413110396775003
1355,low,vhigh,4,2,med,high,unacc,2.7112121767005988
1356,low,vhigh,4,2,big,low,unacc,3.4698244767510675
1357,low,vhigh,4,2,big,med,unacc,2.9915994215759047
1358,low,vhigh,4,2,big,high,unacc,0.41109558394531653
1359,low,vhigh,4,4,small,low,unacc,3.979866826732212
1360,low,vhigh,4,4,small,med,unacc,2.4753285992610525
1361,low,vhigh,4,4,small,high,acc,0.5212051594571911
1362,low,vhigh,4,4,med,low,unacc,0.8782497369745612
1363,low,vhigh,4,4,med,med,acc,2.5668225424991875
1364,low,vhigh,4,4,med,high,acc,1.278566534114597
1365,low,vhigh,4,4,big,low,unacc,3.8213907090882175
1366,low,vhigh,4,4,big,med,acc,3.207064347798772
1367,low,vhigh,4,4,big,high,acc,1.1639054405456992
1368,low,vhigh,4,more,small,low,unacc,0.25057791081063563
1369,low,vhigh,4,more,small,med,unacc,1.8865787179155196
1370,low,vhigh,4,more,small,high,acc,1.6112031044354724
1371,low,vhigh,4,more,med,low,unacc,0.13158718386249646
1372,low,vhigh,4,more,med,med,acc,0.716643281747305
1373,low,vhigh,4,more,med,high,acc,0.41921524203492044
1374,low,vhigh,4,more,big,low,unacc,3.726503621491989
1375,low,vhigh,4,more,big,med,acc,3.5597712555251193
1376,low,vhigh,4,more,big,high,acc,1.6422904101116882
1377,low,vhigh,5more,2,small,low,unacc,3.766567816386365
1378,low,vhigh,5more,2,small,med,unacc,1.9008924207694422
1379,low,vhigh,5more,2,small,high,unacc,0.5385635838902889
1380,low,vhigh,5more,2,med,low,unacc,0.840797210054514
1381,low,vhigh,5more,2,med,med,unacc,1.563600908554434
1382,low,vhigh,5more,2,med,high,unacc,1.3025256421639124
1383,low,vhigh,5more,2,big,low,unacc,3.704563774320162
1384,low,vhigh,5more,2,big,med,unacc,3.5271865436953322
1385,low,vhigh,5more,2,big,high,unacc,3.9940389609813
1386,low,vhigh,5more,4,small,low,unacc,1.196932914792673
1387,low,vhigh,5more,4,small,med,unacc,0.6705727046915451
1388,low,vhigh,5more,4,small,high,acc,2.6372816231808898
1389,low,vhigh,5more,4,med,low,unacc,2.08646633658024
1390,low,vhigh,5more,4,med,med,acc,1.7307149940516768
1391,low,vhigh,5more,4,med,high,acc,2.8264823746236742
1392,low,vhigh,5more,4,big,low,unacc,3.447017877715489
1393,low,vhigh,5more,4,big,med,acc,3.520559435374811
1394,low,vhigh,5more,4,big,high,acc,1.0859562679030912
1395,low,vhigh,5more,more,small,low,unacc,2.255239500544012
1396,low,vhigh,5more,more,small,med,unacc,2.8031656699236214
1397,low,vhigh,5more,more,small,high,acc,0.8971959092924164
1398,low,vhigh,5more,more,med,low,unacc,0.8790997632007964
1399,low,vhigh,5more,more,med,med,acc,1.079995443161414
1400,low,vhigh,5more,more,med,high,acc,3.5469626213137477
1401,low,vhigh,5more,more,big,low,unacc,2.5120182512911273
1402,low,vhigh,5more,more,big,med,acc,1.3371074415650748
1403,low,vhigh,5more,more,big,high,acc,3.8543313410820335
1404,low,high,2,2,small,low,unacc,3.367352710482826
1405,low,high,2,2,small,med,unacc,3.0485131183838536
1406,low,high,2,2,small,high,unacc,0.41750138415514026
1407,low,high,2,2,med,low,unacc,3.926975634226113
1408,low,high,2,2,med,med,unacc,1.2264401997256007
1409,low,high,2,2,med,high,unacc,2.1809015471207904
1410,low,high,2,2,big,low,unacc,1.1016917629495646
1411,low,high,2,2,big,med,unacc,3.0233030926926365
1412,low,high,2,2,big,high,unacc,3.7066918921782728
1413,low,high,2,4,small,low,unacc,1.7987149777032103
1414,low,high,2,4,small,med,acc,2.094049559097542
1415,low,high,2,4,small,high,acc,3.470462115628164
1416,low,high,2,4,med,low,unacc,0.4512535620699816
1417,low,high,2,4,med,med,acc,3.6280109915214553
1418,low,high,2,4,med,high,acc,2.159538207731319
1419,low,high,2,4,big,low,unacc,2.701719292693538
1420,low,high,2,4,big,med,acc,3.178084577938971
1421,low,high,2,4,big,high,vgood,0.7674018274245658
1422,low,high,2,more,small,low,unacc,3.0324909982567587
1423,low,high,2,more,small,med,unacc,3.53184457742654
1424,low,high,2,more,small,high,unacc,3.0102132252763987
1425,low,high,2,more,med,low,unacc,0.9044514992481796
1426,low,high,2,more,med,med,acc,0.5367319331993592
1427,low,high,2,more,med,high,acc,1.0653496463221752
1428,low,high,2,more,big,low,unacc,0.2392580999558236
1429,low,high,2,more,big,med,acc,3.161405590075331
1430,low,high,2,more,big,high,vgood,2.0028595279754873
1431,low,high,3,2,small,low,unacc,3.3779622043719537
1432,low,high,3,2,small,med,unacc,2.497147561749331
1433,low,high,3,2,small,high,unacc,1.9897989246109935
1434,low,high,3,2,med,low,unacc,0.310368597804632
1435,low,high,3,2,med,med,unacc,2.6448318369746326
1436,low,high,3,2,med,high,unacc,0.13373443791921158
1437,low,high,3,2,big,low,unacc,2.229516872239317
1438,low,high,3,2,big,med,unacc,2.054520669195072
1439,low,high,3,2,big,high,unacc,1.0767290773596288
1440,low,high,3,4,small,low,unacc,2.1877664146119957
1441,low,high,3,4,small,med,acc,1.7710682965003195
1442,low,high,3,4,small,high,acc,2.6673150827013323
1443,low,high,3,4,med,low,unacc,3.6557329459844756
1444,low,high,3,4,med,med,acc,3.019944305582256
1445,low,high,3,4,med,high,acc,1.4443022019136365
1446,low,high,3,4,big,low,unacc,0.5841466827130914
1447,low,high,3,4,big,med,acc,2.600671287591464
1448,low,high,3,4,big,high,vgood,3.805344755636197
1449,low,high,3,more,small,low,unacc,3.6105794631455352
1450,low,high,3,more,small,med,acc,0.07378214201088928
1451,low,high,3,more,small,high,acc,0.23317268399632862
1452,low,high,3,more,med,low,unacc,1.0201752608162398
1453,low,high,3,more,med,med,acc,1.5030999573816946
1454,low,high,3,more,med,high,vgood,2.470039840306147
1455,low,high,3,more,big,low,unacc,0.6632887769857851
1456,low,high,3,more,big,med,acc,0.05648887414084225
1457,low,high,3,more,big,high,vgood,3.0130201358000352
1458,low,high,4,2,small,low,unacc,1.8857032021865274
1459,low,high,4,2,small,med,unacc,2.423241625804721
1460,low,high,4,2,small,high,unacc,1.1671765632191486
1461,low,high,4,2,med,low,unacc,0.9197480841004775
1462,low,high,4,2,med,med,unacc,2.8230269131287575
1463,low,high,4,2,med,high,unacc,2.3478169143243934
1464,low,high,4,2,big,low,unacc,0.5008216613232932
1465,low,high,4,2,big,med,unacc,3.867075740469748
1466,low,high,4,2,big,high,unacc,2.2490706228970283
1467,low,high,4,4,small,low,unacc,3.414992475306216
1468,low,high,4,4,small,med,acc,2.585366800233783
1469,low,high,4,4,small,high,acc,2.4759214911842786
1470,low,high,4,4,med,low,unacc,2.6750337277919423
1471,low,high,4,4,med,med,acc,3.037883917696996
1472,low,high,4,4,med,high,vgood,0.3348359476065683
1473,low,high,4,4,big,low,unacc,0.8249090029805712
1474,low,high,4,4,big,med,acc,3.0496767655902906
1475,low,high,4,4,big,high,vgood,1.8871783520828482
1476,low,high,4,more,small,low,unacc,3.0036626702084797
1477,low,high,4,more,small,med,acc,2.202267416439256
1478,low,high,4,more,small,high,acc,3.177964865897126
1479,low,high,4,more,med,low,unacc,0.08916911727008614
1480,low,high,4,more,med,med,acc,3.0195106086633445
1481,low,high,4,more,med,high,vgood,1.7466588815235307
1482,low,high,4,more,big,low,unacc,1.1392668232060248
1483,low,high,4,more,big,med,acc,3.624350903745047
1484,low,high,4,more,big,high,vgood,0.6339051284097175
1485,low,high,5more,2,small,low,unacc,1.3581481186731654
1486,low,high,5more,2,small,med,unacc,0.02023079042843756
1487,low,high,5more,2,small,high,unacc,3.543771284510443
1488,low,high,5more,2,med,low,unacc,3.535725541305838
1489,low,high,5more,2,med,med,unacc,2.4123433119387476
1490,low,high,5more,2,med,high,unacc,0.14048845126599963
1491,low,high,5more,2,big,low,unacc,3.928671970877858
1492,low,high,5more,2,big,med,unacc,0.6862615449911904
1493,low,high,5more,2,big,high,unacc,0.9028326202552401
1494,low,high,5more,4,small,low,unacc,1.8144452719645008
1495,low,high,5more,4,small,med,acc,0.24774498959631508
1496,low,high,5more,4,small,high,acc,1.7494455710164485
1497,low,high,5more,4,med,low,unacc,1.2086166474503064
1498,low,high,5more,4,med,med,acc,2.1864635832339285
1499,low,high,5more,4,med,high,vgood,0.7507734200172065
1500,low,high,5more,4,big,low,unacc,3.677280266751259
1501,low,high,5more,4,big,med,acc,2.575016407678107
1502,low,high,5more,4,big,high,vgood,0.33397137742086436
1503,low,high,5more,more,small,low,unacc,0.4522614495663717
1504,low,high,5more,more,small,med,acc,2.2050103975028517
1505,low,high,5more,more,small,high,acc,1.889417481182115
1506,low,high,5more,more,med,low,unacc,1.5146691269564023
1507,low,high,5more,more,med,med,acc,2.6006045159550846
1508,low,high,5more,more,med,high,vgood,2.4790439942556795
1509,low,high,5more,more,big,low,unacc,3.611714050198045
1510,low,high,5more,more,big,med,acc,1.0610809848101277
1511,low,high,5more,more,big,high,vgood,1.6539232671087762
1512,low,med,2,2,small,low,unacc,0.8671816913364139
1513,low,med,2,2,small,med,unacc,3.6836599723623675
1514,low,med,2,2,small,high,unacc,3.3906875003092383
1515,low,med,2,2,med,low,unacc,1.7837233762383176
1516,low,med,2,2,med,med,unacc,1.2347888516905727
1517,low,med,2,2,med,high,unacc,3.160402080742272
1518,low,med,2,2,big,low,unacc,3.7636094391857013
1519,low,med,2,2,big,med,unacc,0.6005431811041144
1520,low,med,2,2,big,high,unacc,0.9560718637573671
1521,low,med,2,4,small,low,unacc,0.42153504036484035
1522,low,med,2,4,small,med,acc,1.204320026289749
1523,low,med,2,4,small,high,good,2.5568904926252785
1524,low,med,2,4,med,low,unacc,0.8665157922115023
1525,low,med,2,4,med,med,acc,3.423083841779333
1526,low,med,2,4,med,high,good,0.8117355688157644
1527,low,med,2,4,big,low,unacc,0.40138354867012405
1528,low,med,2,4,big,med,good,2.046628056158692
1529,low,med,2,4,big,high,vgood,0.3431525520360581
1530,low,med,2,more,small,low,unacc,3.631658115952658
1531,low,med,2,more,small,med,unacc,2.233454778882671
1532,low,med,2,more,small,high,unacc,0.3429054439128265
1533,low,med,2,more,med,low,unacc,1.3690567475280502
1534,low,med,2,more,med,med,acc,0.5460606318423928
1535,low,med,2,more,med,high,good,0.08033786498220952
1536,low,med,2,more,big,low,unacc,3.27847563333118
1537,low,med,2,more,big,med,good,1.1880012868677112
1538,low,med,2,more,big,high,vgood,1.6980053410717288
1539,low,med,3,2,small,low,unacc,3.9787452354598596
1540,low,med,3,2,small,med,unacc,1.9434661209202546
1541,low,med,3,2,small,high,unacc,2.1458373306701892
1542,low,med,3,2,med,low,unacc,3.4673815646148505
1543,low,med,3,2,med,med,unacc,3.838424077715842
1544,low,med,3,2,med,high,unacc,2.162791118272447
1545,low,med,3,2,big,low,unacc,0.16834544641081184
1546,low,med,3,2,big,med,unacc,2.4371756682889254
1547,low,med,3,2,big,high,unacc,1.754077249683668
1548,low,med,3,4,small,low,unacc,3.1046571514659
1549,low,med,3,4,small,med,acc,1.363197548134699
1550,low,med,3,4,small,high,good,1.0293455589086888
1551,low,med,3,4,med,low,unacc,2.503632102313981
1552,low,med,3,4,med,med,acc,3.045368741793709
1553,low,med,3,4,med,high,good,3.7914622800444415
1554,low,med,3,4,big,low,unacc,1.4565787803542731
1555,low,med,3,4,big,med,good,0.8039245030465594
1556,low,med,3,4,big,high,vgood,1.5986832737489673
1557,low,med,3,more,small,low,unacc,0.2589992296188566
1558,low,med,3,more,small,med,acc,0.6044456460166021
1559,low,med,3,more,small,high,good,3.554347319863121
1560,low,med,3,more,med,low,unacc,2.458810834422846
1561,low,med,3,more,med,med,good,3.33969117427576
1562,low,med,3,more,med,high,vgood,2.436460790712982
1563,low,med,3,more,big,low,unacc,2.4203737629436124
1564,low,med,3,more,big,med,good,1.542892821384363
1565,low,med,3,more,big,high,vgood,3.3255285119649067
1566,low,med,4,2,small,low,unacc,2.102682280579928
1567,low,med,4,2,small,med,unacc,2.882429412696898
1568,low,med,4,2,small,high,unacc,2.977830954249477
1569,low,med,4,2,med,low,unacc,3.7442525068945014
1570,low,med,4,2,med,med,unacc,0.33898528857032195
1571,low,med,4,2,med,high,unacc,3.753202914019982
1572,low,med,4,2,big,low,unacc,3.2776567319992234
1573,low,med,4,2,big,med,unacc,3.8673466315328073
1574,low,med,4,2,big,high,unacc,2.090116787311853
1575,low,med,4,4,small,low,unacc,1.6999565471735338
1576,low,med,4,4,small,med,acc,1.627396421285633
1577,low,med,4,4,small,high,good,2.108806942414193
1578,low,med,4,4,med,low,unacc,2.366841882925972
1579,low,med,4,4,med,med,good,3.8568616519163843
1580,low,med,4,4,med,high,vgood,1.24045719152058
1581,low,med,4,4,big,low,unacc,2.566423238307856
1582,low,med,4,4,big,med,good,1.6439375525086724
1583,low,med,4,4,big,high,vgood,1.9893075217377625
1584,low,med,4,more,small,low,unacc,2.839650389374631
1585,low,med,4,more,small,med,acc,2.6354674193394225
1586,low,med,4,more,small,high,good,0.5279927081779099
1587,low,med,4,more,med,low,unacc,2.388567289503617
1588,low,med,4,more,med,med,good,1.0916785258743262
1589,low,med,4,more,med,high,vgood,0.029530807809005744
1590,low,med,4,more,big,low,unacc,1.6441951292155292
1591,low,med,4,more,big,med,good,0.7826019390889969
1592,low,med,4,more,big,high,vgood,2.1437218463619168
1593,low,med,5more,2,small,low,unacc,0.49813954808972616
1594,low,med,5more,2,small,med,unacc,1.6770817897352215
1595,low,med,5more,2,small,high,unacc,2.118100489923077
1596,low,med,5more,2,med,low,unacc,0.4600362318203395
1597,low,med,5more,2,med,med,unacc,2.8269581804642425
1598,low,med,5more,2,med,high,unacc,1.5267614838704877
1599,low,med,5more,2,big,low,unacc,0.9781343888949778
1600,low,med,5more,2,big,med,unacc,1.36552679327544
1601,low,med,5more,2,big,high,unacc,0.4530184212266297
1602,low,med,5more,4,small,low,unacc,0.7544925497070722
1603,low,med,5more,4,small,med,acc,2.32377554758653
1604,low,med,5more,4,small,high,good,2.939810709356613
1605,low,med,5more,4,med,low,unacc,3.2766495650499414
1606,low,med,5more,4,med,med,good,1.7334574202088047
1607,low,med,5more,4,med,high,vgood,2.269699629380613
1608,low,med,5more,4,big,low,unacc,1.8616387877645995
1609,low,med,5more,4,big,med,good,0.9049790579344181
1610,low,med,5more,4,big,high,vgood,3.4004268683642667
1611,low,med,5more,more,small,low,unacc,3.9283854090646066
1612,low,med,5more,more,small,med,acc,1.5011566529879947
1613,low,med,5more,more,small,high,good,1.9969751418520665
1614,low,med,5more,more,med,low,unacc,0.11974195267970655
1615,low,med,5more,more,med,med,good,3.1598208540980153
1616,low,med,5more,more,med,high,vgood,3.649328697963782
1617,low,med,5more,more,big,low,unacc,2.850488382614423
1618,low,med,5more,more,big,med,good,0.8292617787878931
1619,low,med,5more,more,big,high,vgood,2.1840588230942823
1620,low,low,2,2,small,low,unacc,3.0282541294043614
1621,low,low,2,2,small,med,unacc,2.6741393765395025
1622,low,low,2,2,small,high,unacc,0.34853076226336066
1623,low,low,2,2,med,low,unacc,1.692358493894646
1624,low,low,2,2,med,med,unacc,1.5386103063271985
1625,low,low,2,2,med,high,unacc,2.5625351954478752
1626,low,low,2,2,big,low,unacc,2.4504684820997373
1627,low,low,2,2,big,med,unacc,0.9618412632415767
1628,low,low,2,2,big,high,unacc,1.0917864214833535
1629,low,low,2,4,small,low,unacc,3.579657228561966
1630,low,low,2,4,small,med,acc,2.4208814649838466
1631,low,low,2,4,small,high,good,3.360709907823451
1632,low,low,2,4,med,low,unacc,2.0261280925210876
1633,low,low,2,4,med,med,acc,2.672693540762583
1634,low,low,2,4,med,high,good,2.1478600736256963
1635,low,low,2,4,big,low,unacc,1.8432093513674785
1636,low,low,2,4,big,med,good,3.753426825849967
1637,low,low,2,4,big,high,vgood,1.6185227101350703
1638,low,low,2,more,small,low,unacc,1.4665397592571758
1639,low,low,2,more,small,med,unacc,3.3743157078713444
1640,low,low,2,more,small,high,unacc,2.714808938105514
1641,low,low,2,more,med,low,unacc,3.9206664871854926
1642,low,low,2,more,med,med,acc,2.859555553732196
1643,low,low,2,more,med,high,good,3.290337234795026
1644,low,low,2,more,big,low,unacc,3.0774938268040812
1645,low,low,2,more,big,med,good,2.1059201167056916
1646,low,low,2,more,big,high,vgood,1.6493160777247464
1647,low,low,3,2,small,low,unacc,1.261666241840342
1648,low,low,3,2,small,med,unacc,3.774174828448279
1649,low,low,3,2,small,high,unacc,1.7491140994010275
1650,low,low,3,2,med,low,unacc,0.5319407227680437
1651,low,low,3,2,med,med,unacc,1.7041287537817649
1652,low,low,3,2,med,high,unacc,3.0722420849975207
1653,low,low,3,2,big,low,unacc,3.04077566985482
1654,low,low,3,2,big,med,unacc,3.0497222710635223
1655,low,low,3,2,big,high,unacc,1.356282682706616
1656,low,low,3,4,small,low,unacc,0.35133475322828467
1657,low,low,3,4,small,med,acc,0.35258323919800016
1658,low,low,3,4,small,high,good,3.4597938284946195
1659,low,low,3,4,med,low,unacc,1.391072651895068
1660,low,low,3,4,med,med,acc,0.23514499069342154
1661,low,low,3,4,med,high,good,0.8090345432413892
1662,low,low,3,4,big,low,unacc,0.693891050479551
1663,low,low,3,4,big,med,good,0.00865473320940513
1664,low,low,3,4,big,high,vgood,3.02118906883984
1665,low,low,3,more,small,low,unacc,3.1044753732464563
1666,low,low,3,more,small,med,acc,1.0066309578352275
1667,low,low,3,more,small,high,good,2.1098861811337146
1668,low,low,3,more,med,low,unacc,1.9360294254044246
1669,low,low,3,more,med,med,good,0.689269171414336
1670,low,low,3,more,med,high,vgood,2.5556349446062514
1671,low,low,3,more,big,low,unacc,0.6213953716116212
1672,low,low,3,more,big,med,good,2.93864711580366
1673,low,low,3,more,big,high,vgood,3.542286932439887
1674,low,low,4,2,small,low,unacc,2.385730882456144
1675,low,low,4,2,small,med,unacc,0.6736836956029042
1676,low,low,4,2,small,high,unacc,1.8135339780142017
1677,low,low,4,2,med,low,unacc,1.7544995221951365
1678,low,low,4,2,med,med,unacc,3.5887857468990862
1679,low,low,4,2,med,high,unacc,1.8678363511773415
1680,low,low,4,2,big,low,unacc,2.78465567237733
1681,low,low,4,2,big,med,unacc,0.12816569650877918
1682,low,low,4,2,big,high,unacc,3.749223956431691
1683,low,low,4,4,small,low,unacc,2.985255729518745
1684,low,low,4,4,small,med,acc,2.0596521540012294
1685,low,low,4,4,small,high,good,1.295815507039742
1686,low,low,4,4,med,low,unacc,1.844173549371587
1687,low,low,4,4,med,med,good,3.228629553174234
1688,low,low,4,4,med,high,vgood,1.2744390598385031
1689,low,low,4,4,big,low,unacc,3.3096568805710924
1690,low,low,4,4,big,med,good,3.8226502936580595
1691,low,low,4,4,big,high,vgood,2.127298596128426
1692,low,low,4,more,small,low,unacc,0.3733493257835909
1693,low,low,4,more,small,med,acc,3.8494433468978095
1694,low,low,4,more,small,high,good,2.3615754736024046
1695,low,low,4,more,med,low,unacc,1.693443184410682
1696,low,low,4,more,med,med,good,0.6879603688808733
1697,low,low,4,more,med,high,vgood,2.542159450141643
1698,low,low,4,more,big,low,unacc,1.0155430716607445
1699,low,low,4,more,big,med,good,2.722315967940136
1700,low,low,4,more,big,high,vgood,2.7174387040346812
1701,low,low,5more,2,small,low,unacc,3.9203802852638097
1702,low,low,5more,2,small,med,unacc,1.4024292846578996
1703,low,low,5more,2,small,high,unacc,0.5386784502678674
1704,low,low,5more,2,med,low,unacc,2.510453688648018
1705,low,low,5more,2,med,med,unacc,3.8648986898901203
1706,low,low,5more,2,med,high,unacc,0.7780251838496581
1707,low,low,5more,2,big,low,unacc,0.8715829453908217
1708,low,low,5more,2,big,med,unacc,0.2978117390639179
1709,low,low,5more,2,big,high,unacc,1.102315855902292
1710,low,low,5more,4,small,low,unacc,1.695988242514642
1711,low,low,5more,4,small,med,acc,1.4952035201301093
1712,low,low,5more,4,small,high,good,2.1998202632656008
1713,low,low,5more,4,med,low,unacc,2.964005277023115
1714,low,low,5more,4,med,med,good,3.3430416686892603
1715,low,low,5more,4,med,high,vgood,3.31626556745711
1716,low,low,5more,4,big,low,unacc,0.9858916647563922
1717,low,low,5more,4,big,med,good,0.3007163105859658
1718,low,low,5more,4,big,high,vgood,3.120593850323499
1719,low,low,5more,more,small,low,unacc,1.4821112702598676
1720,low,low,5more,more,small,med,acc,2.6389243493125614
1721,low,low,5more,more,small,high,good,3.1488245382300515
1722,low,low,5more,more,med,low,unacc,3.9932168519784668
1723,low,low,5more,more,med,med,good,1.9451320477055312
1724,low,low,5more,more,med,high,vgood,1.9442928947209146
1725,low,low,5more,more,big,low,unacc,1.8578872741895998
1726,low,low,5more,more,big,med,good,3.00292881443807
1727,low,low,5more,more,big,high,vgood,2.7447165179177633
